Position	Consensus Aminoacid	Conservation Score
0	M	0.002
1	K	0.002
2	F	0.002
3	P	0.002
4	E	0.002
5	A	0.002
6	K	0.002
7	R	0.002
8	K	0.002
9	V	0.002
10	L	0.002
11	H	0.002
12	V	0.002
13	G	0.002
14	K	0.002
15	K	0.002
16	S	0.002
17	Q	0.002
18	M	0.002
19	H	0.002
20	K	0.002
21	Y	0.002
22	R	0.002
23	R	0.002
24	G	0.002
25	E	0.002
26	T	0.002
27	W	0.002
28	L	0.002
29	G	0.002
30	S	0.002
31	S	0.002
32	A	0.002
33	A	0.002
34	E	0.002
35	K	0.002
36	E	0.002
37	L	0.002
38	G	0.002
39	V	0.002
40	V	0.002
41	V	0.002
42	E	0.002
43	H	0.002
44	S	0.002
45	R	0.002
46	S	0.002
47	M	0.002
48	G	0.002
49	Q	0.002
50	S	0.002
51	R	0.002
52	R	0.002
53	E	0.002
54	S	0.002
55	P	0.002
56	C	0.002
57	K	0.002
58	A	0.002
59	A	0.002
60	Q	0.002
61	Q	0.002
62	E	0.002
63	W	0.002
64	L	0.002
65	E	0.002
66	A	0.002
67	A	0.002
68	A	0.002
69	R	0.002
70	A	0.002
71	G	0.004
72	G	0.002
73	R	0.002
74	R	0.002
75	E	0.002
76	E	0.002
77	A	0.002
78	A	0.002
79	R	0.002
80	C	0.002
81	R	0.002
82	C	0.002
83	M	0.01
84	W	0.01
85	S	0.01
86	F	0.01
87	T	0.01
88	V	0.01
89	H	0.01
90	T	0.012
91	L	0.012
92	T	0.01
93	E	0.008
94	I	0.01
95	K	0.01
96	T	0.01
97	L	0.008
98	R	0.012
99	G	0.012
100	G	0.014
101	T	0.01
102	T	0.014
103	T	0.01
104	T	0.01
105	L	0.01
106	Q	0.01
107	H	0.01
108	R	0.012
109	F	0.01
110	D	0.01
111	R	0.01
112	Q	0.01
113	L	0.01
114	T	0.01
115	V	0.012
116	Q	0.012
117	R	0.012
118	L	0.01
119	R	0.008
120	T	0.01
121	T	0.01
122	G	0.016
123	M	0.018
124	Q	0.014
125	K	0.014
126	A	0.012
127	M	0.938
128	E	0.914
129	K	0.906
130	S	0.918
131	K	0.828
132	N	0.906
133	F	0.924
134	R	0.918
135	I	0.916
136	A	0.002
137	R	0.002
138	C	0.004
139	A	0.002
140	R	0.002
141	D	0.914
142	A	0.924
143	L	0.918
144	L	0.926
145	R	0.002
146	G	0.006
147	A	0.918
148	V	0.672
149	D	0.708
150	P	0.594
151	A	0.002
152	A	0.002
153	Q	0.002
154	L	0.002
155	A	0.002
156	R	0.002
157	G	0.002
158	G	0.004
159	R	0.002
160	S	0.002
161	G	0.002
162	A	0.002
163	R	0.002
164	R	0.002
165	G	0.002
166	R	0.002
167	G	0.004
168	A	0.002
169	A	0.002
170	A	0.002
171	G	0.002
172	R	0.002
173	R	0.004
174	P	0.756
175	K	0.468
176	E	0.002
177	D	0.002
178	C	0.002
179	R	0.002
180	A	0.06
181	A	0.062
182	A	0.038
183	A	0.072
184	A	0.072
185	A	0.278
186	A	0.282
187	S	0.32
188	A	0.366
189	R	0.002
190	A	0.002
191	C	0.002
192	G	0.002
193	T	0.002
194	A	0.002
195	R	0.002
196	R	0.002
197	P	0.002
198	G	0.002
199	R	0.002
200	P	0.002
201	L	0.002
202	S	0.002
203	A	0.002
204	L	0.002
205	P	0.002
206	G	0.002
207	S	0.002
208	R	0.002
209	G	0.002
210	G	0.002
211	G	0.002
212	S	0.002
213	D	0.002
214	L	0.002
215	S	0.002
216	L	0.002
217	P	0.002
218	R	0.002
219	R	0.002
220	R	0.002
221	R	0.002
222	R	0.002
223	R	0.002
224	R	0.002
225	R	0.002
226	R	0.002
227	H	0.002
228	R	0.002
229	G	0.002
230	P	0.002
231	D	0.002
232	A	0.002
233	P	0.002
234	G	0.002
235	R	0.002
236	T	0.002
237	E	0.002
238	P	0.002
239	G	0.002
240	A	0.002
241	V	0.002
242	P	0.002
243	E	0.002
244	C	0.002
245	L	0.002
246	S	0.002
247	R	0.002
248	G	0.002
249	F	0.002
250	L	0.002
251	P	0.002
252	R	0.002
253	P	0.002
254	P	0.002
255	A	0.002
256	S	0.002
257	L	0.002
258	Q	0.002
259	S	0.002
260	Y	0.002
261	S	0.002
262	P	0.002
263	S	0.002
264	R	0.002
265	R	0.002
266	P	0.002
267	E	0.002
268	Q	0.002
269	P	0.002
270	H	0.002
271	G	0.002
272	R	0.002
273	D	0.002
274	P	0.002
275	S	0.002
276	T	0.002
277	G	0.004
278	Q	0.68
279	T	0.484
280	S	0.59
281	P	0.908
282	L	0.7
283	A	0.686
284	L	0.872
285	V	0.684
286	L	0.002
287	R	0.002
288	R	0.002
289	S	0.002
290	L	0.002
291	H	0.002
292	A	0.006
293	T	0.644
294	S	0.66
295	L	0.646
296	P	0.004
297	E	0.002
298	R	0.002
299	N	0.002
300	R	0.002
301	D	0.002
302	L	0.004
303	C	0.002
304	A	0.002
305	H	0.004
306	A	0.002
307	A	0.002
308	E	0.002
309	A	0.002
310	G	0.002
311	D	0.002
312	R	0.002
313	A	0.002
314	A	0.002
315	A	0.002
316	A	0.002
317	A	0.002
318	L	0.004
319	L	0.004
320	A	0.002
321	A	0.002
322	A	0.002
323	D	0.002
324	G	0.002
325	R	0.002
326	R	0.002
327	R	0.004
328	R	0.002
329	R	0.004
330	R	0.002
331	A	0.004
332	G	0.006
333	G	0.008
334	G	0.008
335	A	0.006
336	G	0.004
337	S	0.008
338	S	0.008
339	S	0.008
340	S	0.022
341	A	0.018
342	S	0.026
343	A	0.022
344	A	0.048
345	A	0.042
346	A	0.17
347	A	0.186
348	A	0.16
349	A	0.166
350	S	0.262
351	S	0.304
352	S	0.4
353	S	0.346
354	S	0.36
355	G	0.25
356	S	0.234
357	S	0.396
358	S	0.228
359	G	0.34
360	G	0.346
361	G	0.056
362	S	0.06
363	R	0.002
364	S	0.004
365	L	0.004
366	G	0.006
367	G	0.004
368	G	0.006
369	G	0.006
370	A	0.008
371	S	0.008
372	G	0.012
373	G	0.016
374	G	0.014
375	A	0.032
376	S	0.216
377	S	0.142
378	G	0.16
379	A	0.14
380	S	0.316
381	G	0.154
382	S	0.276
383	C	0.252
384	S	0.342
385	P	0.264
386	A	0.188
387	S	0.316
388	S	0.052
389	S	0.048
390	S	0.04
391	S	0.038
392	S	0.334
393	S	0.276
394	P	0.468
395	P	0.258
396	G	0.276
397	L	0.14
398	T	0.08
399	S	0.264
400	P	0.492
401	A	0.454
402	D	0.486
403	C	0.37
404	L	0.654
405	R	0.83
406	A	0.432
407	P	0.002
408	A	0.002
409	R	0.002
410	R	0.002
411	A	0.002
412	A	0.002
413	E	0.566
414	T	0.48
415	P	0.02
416	P	0.898
417	S	0.864
418	P	0.008
419	P	0.006
420	L	0.004
421	P	0.708
422	R	0.034
423	G	0.028
424	T	0.032
425	L	0.002
426	R	0.002
427	R	0.002
428	R	0.002
429	S	0.002
430	E	0.002
431	S	0.002
432	S	0.002
433	N	0.002
434	P	0.002
435	C	0.002
436	L	0.002
437	G	0.002
438	L	0.002
439	R	0.004
440	P	0.876
441	R	0.822
442	I	0.332
443	A	0.006
444	H	0.006
445	L	0.342
446	A	0.32
447	L	0.004
448	A	0.002
449	L	0.002
450	P	0.002
451	A	0.002
452	C	0.002
453	W	0.002
454	Q	0.002
455	K	0.002
456	Y	0.002
457	Q	0.006
458	A	0.006
459	I	0.004
460	Q	0.006
461	A	0.002
462	M	0.002
463	R	0.002
464	A	0.346
465	H	0.356
466	P	0.018
467	C	0.604
468	G	0.572
469	L	0.688
470	I	0.446
471	P	0.85
472	K	0.848
473	A	0.004
474	P	0.86
475	A	0.002
476	D	0.004
477	G	0.004
478	R	0.002
479	G	0.816
480	F	0.658
481	L	0.846
482	S	0.002
483	S	0.002
484	A	0.002
485	E	0.002
486	A	0.002
487	S	0.002
488	L	0.002
489	S	0.002
490	G	0.002
491	V	0.002
492	E	0.002
493	C	0.002
494	Q	0.002
495	V	0.002
496	R	0.002
497	F	0.002
498	V	0.002
499	T	0.002
500	G	0.002
501	I	0.002
502	Q	0.002
503	S	0.002
504	F	0.002
505	S	0.002
506	S	0.002
507	V	0.002
508	Q	0.002
509	Q	0.002
510	K	0.002
511	P	0.002
512	E	0.002
513	T	0.002
514	R	0.002
515	W	0.002
516	V	0.002
517	P	0.002
518	G	0.002
519	S	0.002
520	E	0.002
521	G	0.002
522	A	0.002
523	G	0.214
524	A	0.176
525	G	0.24
526	G	0.26
527	G	0.14
528	G	0.252
529	G	0.196
530	G	0.168
531	A	0.108
532	G	0.164
533	G	0.15
534	G	0.08
535	G	0.118
536	G	0.098
537	G	0.116
538	P	0.09
539	H	0.104
540	H	0.088
541	H	0.066
542	H	0.096
543	H	0.09
544	H	0.066
545	A	0.124
546	A	0.112
547	A	0.112
548	A	0.116
549	A	0.148
550	A	0.16
551	A	0.156
552	A	0.146
553	A	0.116
554	A	0.096
555	A	0.078
556	A	0.052
557	A	0.048
558	A	0.022
559	A	0.008
560	A	0.004
561	A	0.002
562	L	0.004
563	A	0.004
564	R	0.004
565	A	0.002
566	A	0.002
567	A	0.002
568	A	0.002
569	L	0.002
570	P	0.002
571	G	0.004
572	L	0.002
573	D	0.002
574	A	0.002
575	D	0.002
576	S	0.002
577	E	0.004
578	G	0.002
579	A	0.002
580	G	0.002
581	E	0.002
582	A	0.002
583	L	0.002
584	G	0.002
585	R	0.002
586	E	0.002
587	A	0.002
588	G	0.002
589	T	0.002
590	L	0.002
591	Q	0.002
592	S	0.002
593	G	0.002
594	V	0.002
595	A	0.002
596	A	0.002
597	A	0.002
598	A	0.002
599	N	0.236
600	S	0.242
601	P	0.274
602	H	0.322
603	A	0.23
604	A	0.298
605	G	0.252
606	G	0.3
607	S	0.194
608	A	0.356
609	L	0.414
610	G	0.666
611	L	0.698
612	H	0.834
613	P	0.84
614	G	0.354
615	G	0.224
616	A	0.332
617	Q	0.212
618	A	0.006
619	H	0.002
620	R	0.002
621	L	0.002
622	L	0.002
623	P	0.002
624	R	0.002
625	K	0.002
626	R	0.002
627	D	0.002
628	Q	0.352
629	G	0.458
630	G	0.404
631	T	0.002
632	A	0.552
633	G	0.7
634	I	0.47
635	P	0.858
636	A	0.482
637	Q	0.654
638	A	0.294
639	A	0.058
640	A	0.008
641	A	0.002
642	R	0.002
643	A	0.014
644	A	0.002
645	A	0.744
646	L	0.712
647	Y	0.932
648	G	0.732
649	G	0.002
650	A	0.004
651	H	0.724
652	P	0.944
653	M	0.528
654	L	0.002
655	S	0.004
656	R	0.002
657	D	0.002
658	R	0.002
659	Q	0.002
660	F	0.002
661	E	0.002
662	D	0.002
663	Y	0.934
664	G	0.366
665	Y	0.736
666	S	0.01
667	S	0.842
668	A	0.01
669	A	0.25
670	A	0.26
671	A	0.296
672	A	0.318
673	A	0.558
674	A	0.562
675	A	0.85
676	L	0.948
677	A	0.426
678	A	0.014
679	A	0.006
680	G	0.754
681	G	0.014
682	Q	0.946
683	H	0.938
684	P	0.932
685	A	0.002
686	A	0.004
687	A	0.942
688	L	0.782
689	S	0.732
690	Y	0.962
691	T	0.122
692	A	0.008
693	S	0.65
694	Y	0.746
695	P	0.596
696	A	0.002
697	N	0.002
698	R	0.002
699	G	0.002
700	H	0.002
701	R	0.002
702	A	0.008
703	Q	0.61
704	V	0.428
705	Q	0.444
706	G	0.662
707	S	0.002
708	Q	0.002
709	A	0.42
710	S	0.002
711	Q	0.002
712	H	0.738
713	P	0.636
714	A	0.32
715	H	0.034
716	H	0.878
717	P	0.534
718	H	0.01
719	K	0.19
720	A	0.594
721	Q	0.002
722	H	0.004
723	H	0.004
724	A	0.002
725	G	0.002
726	G	0.002
727	D	0.72
728	P	0.66
729	I	0.616
730	A	0.002
731	G	0.002
732	K	0.76
733	L	0.724
734	A	0.008
735	G	0.286
736	A	0.01
737	A	0.954
738	G	0.738
739	T	0.706
740	F	0.798
741	Q	0.746
742	L	0.958
743	D	0.758
744	H	0.49
745	W	0.972
746	L	0.768
747	R	0.978
748	A	0.484
749	S	0.758
750	T	0.758
751	A	0.982
752	G	0.966
753	M	0.774
754	M	0.512
755	L	0.772
756	P	0.978
757	K	0.76
758	M	0.784
759	Q	0.002
760	P	0.754
761	D	0.96
762	F	0.792
763	N	0.688
764	C	0.016
765	E	0.01
766	W	0.01
767	G	0.01
768	S	0.01
769	I	0.008
770	Q	0.01
771	M	0.01
772	S	0.78
773	Q	0.766
774	Y	0.028
775	S	0.024
776	Q	0.024
777	A	0.73
778	Q	0.994
779	S	0.954
780	N	0.704
781	L	0.986
782	L	0.902
783	G	0.998
784	K	0.998
785	C	1.0
786	R	0.998
787	R	0.998
788	P	1.0
789	R	1.0
790	T	0.998
791	A	0.998
792	F	0.998
793	T	0.994
794	S	0.996
795	Q	0.996
796	Q	0.998
797	L	1.0
798	L	0.998
799	E	0.998
800	L	0.998
801	E	0.998
802	H	0.77
803	Q	0.998
804	F	0.998
805	K	0.998
806	L	0.978
807	N	0.998
808	K	0.998
809	Y	0.996
810	L	0.998
811	S	0.998
812	R	0.998
813	P	1.0
814	K	0.998
815	R	1.0
816	F	0.998
817	E	1.0
818	V	0.996
819	A	0.996
820	T	0.994
821	S	0.984
822	L	0.994
823	M	0.994
824	L	0.994
825	T	0.994
826	E	0.994
827	T	0.994
828	Q	0.996
829	K	0.002
830	L	0.002
831	K	0.002
832	S	0.002
833	H	0.002
834	F	0.002
835	W	0.002
836	F	0.002
837	W	0.002
838	D	0.002
839	F	0.002
840	R	0.002
841	M	0.002
842	V	0.994
843	K	0.99
844	I	0.992
845	W	0.994
846	F	0.99
847	Q	0.99
848	N	0.994
849	R	0.996
850	R	0.994
851	M	0.99
852	K	0.99
853	W	0.992
854	K	0.992
855	R	0.992
856	S	0.992
857	K	0.774
858	K	0.996
859	A	0.99
860	K	0.992
861	E	0.992
862	Q	0.986
863	A	0.968
864	A	0.82
865	A	0.106
866	S	0.116
867	A	0.056
868	Q	0.962
869	E	0.748
870	E	0.172
871	A	0.846
872	E	0.908
873	K	0.756
874	Q	0.746
875	K	0.724
876	G	0.006
877	G	0.008
878	G	0.006
879	G	0.012
880	G	0.31
881	G	0.362
882	G	0.176
883	G	0.1
884	G	0.048
885	A	0.034
886	E	0.004
887	A	0.004
888	G	0.804
889	G	0.28
890	K	0.01
891	K	0.034
892	G	0.376
893	A	0.016
894	S	0.014
895	K	0.222
896	S	0.01
897	T	0.014
898	G	0.49
899	G	0.012
900	A	0.01
901	G	0.01
902	K	0.01
903	G	0.3
904	G	0.092
905	A	0.174
906	E	0.456
907	D	0.476
908	K	0.764
909	G	0.374
910	A	0.026
911	D	0.62
912	A	0.002
913	A	0.002
914	E	0.002
915	E	0.002
916	E	0.002
917	A	0.002
918	D	0.002
919	E	0.002
920	A	0.002
921	F	0.006
922	E	0.346
923	L	0.006
924	Q	0.008
925	E	0.006
926	Q	0.056
927	L	0.138
928	E	0.634
929	L	0.28
930	L	0.022
931	L	0.43
932	G	0.326
933	P	0.352
934	P	0.39
935	A	0.326
936	P	0.37
937	G	0.354
938	Y	0.004
939	R	0.002
940	L	0.002
941	H	0.002
942	L	0.002
943	S	0.002
944	R	0.002
945	Q	0.002
946	L	0.002
947	T	0.002
948	P	0.002
949	R	0.002
950	M	0.002
951	G	0.002
952	E	0.002
953	K	0.002
954	V	0.002
955	F	0.002
956	A	0.002
957	A	0.002
958	L	0.002
959	K	0.002
960	N	0.002
961	R	0.002
962	V	0.002
963	D	0.512
964	H	0.002
965	K	0.338
966	I	0.006
967	S	0.012
968	G	0.028
969	G	0.358
970	S	0.312
971	G	0.404
972	L	0.006
973	K	0.008
974	R	0.074
975	R	0.186
976	R	0.724
977	L	0.452
978	R	0.748
979	R	0.004
980	R	0.004
981	A	0.002
982	D	0.002
983	R	0.006
984	R	0.002
985	E	0.002
986	L	0.002
987	R	0.002
988	K	0.002
989	G	0.002
990	G	0.002
991	L	0.002
992	A	0.002
993	A	0.002
994	G	0.002
995	D	0.77
996	L	0.482
997	R	0.636
998	D	0.786
999	S	0.764
1000	C	0.002
1001	K	0.002
1002	R	0.002
1003	M	0.002
1004	W	0.002
1005	G	0.002
1006	S	0.002
1007	R	0.002
1008	F	0.002
1009	C	0.002
1010	D	0.002
1011	W	0.002
1012	R	0.002
1013	K	0.002
1014	H	0.002
1015	F	0.002
1016	T	0.002
1017	H	0.002
1018	A	0.002
1019	P	0.002
1020	Q	0.002
1021	R	0.002
1022	E	0.002
1023	A	0.002
1024	Q	0.002
1025	G	0.002
1026	T	0.002
1027	P	0.002
1028	F	0.002
1029	Q	0.002
1030	P	0.002
1031	L	0.002
1032	L	0.002
1033	E	0.002
1034	L	0.002
1035	R	0.002
1036	V	0.002
1037	D	0.326
1038	P	0.42
1039	E	0.014
1040	E	0.012
1041	E	0.01
1042	E	0.008
1043	D	0.008
1044	E	0.514
1045	E	0.478
1046	D	0.476
1047	I	0.004
1048	E	0.004
1049	E	0.004
1050	E	0.7
1051	A	0.002
1052	E	0.022
1053	G	0.174
1054	D	0.458
1055	E	0.018
1056	E	0.102
1057	E	0.134
1058	E	0.384
1059	E	0.402
1060	E	0.338
1061	E	0.498
1062	D	0.286
1063	H	0.246
1064	D	0.004
1065	E	0.022
1066	E	0.026
1067	E	0.044
1068	E	0.012
1069	E	0.044
1070	E	0.026
1071	E	0.04
1072	A	0.044
1073	Q	0.086
1074	H	0.102
1075	G	0.11
1076	F	0.386
1077	P	0.35
1078	Y	0.294
1079	S	0.292
1080	N	0.288
1081	G	0.302
1082	A	0.242
1083	N	0.08
1084	G	0.048
1085	V	0.098
1086	G	0.11
1087	M	0.076
1088	P	0.088
1089	R	0.124
1090	G	0.13
1091	T	0.142
1092	N	0.222
1093	F	0.424
1094	L	0.402
1095	Y	0.442
1096	N	0.312
1097	S	0.818
1098	S	0.79
1099	D	0.766
1100	S	0.04
1101	C	0.792
1102	G	0.004
1103	A	0.002
1104	R	0.002
1105	R	0.004
1106	S	0.008
1107	D	0.006
1108	S	0.794
1109	E	0.084
1110	A	0.09
1111	D	0.088
1112	S	0.592
1113	S	0.004
1114	P	0.004
1115	H	0.004
1116	S	0.004
1117	A	0.002
1118	E	0.002
1119	E	0.424
1120	D	0.538
1121	E	0.05
1122	E	0.028
1123	E	0.368
1124	E	0.002
1125	C	0.002
1126	E	0.002
1127	A	0.002
1128	A	0.002
1129	Q	0.002
1130	G	0.002
1131	R	0.002
1132	A	0.002
1133	G	0.004
1134	E	0.004
1135	V	0.004
1136	R	0.004
1137	S	0.466
1138	D	0.004
1139	A	0.004
1140	R	0.006
1141	R	0.01
1142	Q	0.032
1143	P	0.604
1144	R	0.002
1145	A	0.002
1146	E	0.002
1147	G	0.002
1148	R	0.002
1149	W	0.002
1150	D	0.002
1151	P	0.002
1152	R	0.002
1153	G	0.002
1154	A	0.002
1155	H	0.276
1156	S	0.004
1157	D	0.004
1158	D	0.004
1159	E	0.004
1160	S	0.082
1161	D	0.082
1162	D	0.048
1163	E	0.004
1164	E	0.078
1165	L	0.078
1166	E	0.058
1167	G	0.08
1168	V	0.066
1169	Q	0.072
1170	S	0.01
1171	S	0.02
1172	V	0.07
1173	S	0.036
1174	E	0.048
1175	D	0.034
1176	D	0.04
1177	M	0.032
1178	E	0.032
1179	E	0.038
1180	V	0.052
1181	G	0.144
1182	G	0.144
1183	G	0.14
1184	P	0.258
1185	R	0.646
1186	P	0.262
1187	I	0.378
1188	H	0.002
1189	A	0.004
1190	R	0.002
1191	A	0.002
1192	A	0.002
1193	G	0.374
1194	P	0.002
1195	A	0.002
1196	D	0.002
1197	S	0.002
1198	D	0.002
1199	Q	0.002
1200	N	0.002
1201	G	0.002
1202	N	0.002
1203	G	0.002
1204	Y	0.002
1205	Q	0.002
1206	H	0.002
1207	R	0.002
1208	A	0.002
1209	L	0.002
1210	L	0.002
1211	W	0.002
1212	A	0.002
1213	L	0.002
1214	R	0.002
1215	P	0.002
1216	V	0.002
1217	G	0.002
1218	N	0.002
1219	W	0.002
1220	I	0.002
1221	P	0.002
1222	A	0.002
1223	A	0.002
1224	G	0.002
1225	E	0.002
1226	S	0.002
1227	Q	0.002
1228	N	0.002
1229	T	0.002
1230	L	0.002
1231	P	0.002
1232	R	0.002
1233	A	0.002
1234	G	0.002
1235	Q	0.002
1236	G	0.002
1237	R	0.002
1238	F	0.002
1239	S	0.002
1240	W	0.002
1241	I	0.002
1242	C	0.002
1243	A	0.002
1244	N	0.002
1245	V	0.002
1246	R	0.002
1247	E	0.002
1248	D	0.002
1249	N	0.002
1250	S	0.002
1251	G	0.002
1252	R	0.002
1253	Q	0.002
1254	E	0.002
1255	R	0.002
1256	F	0.002
1257	T	0.002
1258	P	0.002
1259	E	0.002
1260	Q	0.046
1261	Q	0.006
1262	A	0.004
1263	Q	0.004
1264	A	0.002
1265	G	0.004
1266	R	0.002
1267	G	0.002
1268	A	0.002
1269	R	0.004
1270	Q	0.002
1271	R	0.004
1272	A	0.004
1273	P	0.004
1274	A	0.004
1275	I	0.002
1276	E	0.002
1277	R	0.002
1278	A	0.002
1279	A	0.002
1280	V	0.004
1281	R	0.002
1282	R	0.004
1283	R	0.002
1284	R	0.002
1285	D	0.002
1286	L	0.002
1287	H	0.002
1288	T	0.002
1289	C	0.002
1290	P	0.678
1291	P	0.008
1292	P	0.01
1293	G	0.016
1294	G	0.132
1295	H	0.126
1296	Q	0.47
1297	P	0.572
1298	Q	0.01
1299	A	0.01
1300	Q	0.162
1301	P	0.194
1302	Q	0.196
1303	P	0.06
1304	Q	0.058
1305	S	0.008
1306	V	0.006
1307	P	0.01
1308	A	0.004
1309	T	0.006
1310	L	0.006
1311	Q	0.004
1312	V	0.004
1313	P	0.004
1314	L	0.006
1315	D	0.002
1316	L	0.004
1317	N	0.002
1318	P	0.006
1319	L	0.004
1320	S	0.004
1321	G	0.004
1322	P	0.004
1323	A	0.004
1324	R	0.002
1325	A	0.002
1326	G	0.002
1327	H	0.002
1328	L	0.002
1329	R	0.002
1330	Q	0.002
1331	A	0.002
1332	A	0.002
1333	A	0.002
1334	R	0.002
1335	S	0.004
1336	L	0.002
1337	N	0.002
1338	P	0.002
1339	L	0.002
1340	P	0.002
1341	N	0.002
1342	K	0.002
1343	D	0.002
1344	Q	0.002
1345	P	0.002
1346	L	0.002
1347	G	0.002
1348	L	0.002
1349	A	0.002
1350	G	0.002
1351	Q	0.002
1352	T	0.002
1353	L	0.002
1354	P	0.004
1355	A	0.002
1356	H	0.002
1357	A	0.002
1358	A	0.004
1359	A	0.002
1360	E	0.002
1361	D	0.002
1362	N	0.002
1363	N	0.002
1364	H	0.002
1365	G	0.002
1366	G	0.002
1367	C	0.002
1368	G	0.002
1369	T	0.002
1370	Y	0.002
1371	L	0.002
1372	S	0.002
1373	P	0.002
1374	R	0.002
1375	E	0.002
1376	D	0.002
1377	E	0.002
1378	G	0.002
1379	P	0.002
1380	C	0.002
1381	R	0.002
1382	S	0.002
1383	W	0.002
1384	G	0.002
1385	R	0.002
1386	T	0.002
1387	A	0.002
1388	A	0.002
1389	P	0.002
1390	A	0.002
1391	A	0.002
1392	P	0.002
1393	R	0.002
1394	E	0.002
1395	L	0.002
1396	Q	0.002
1397	Q	0.002
1398	P	0.002
1399	R	0.002
1400	F	0.002
1401	V	0.002
1402	Q	0.002
1403	A	0.002
1404	L	0.002
1405	T	0.002
1406	R	0.002
1407	N	0.002
1408	P	0.002
1409	G	0.002
1410	V	0.002
1411	K	0.002
1412	D	0.002
1413	G	0.002
1414	K	0.002
1415	V	0.002
1416	K	0.002
1417	I	0.002
1418	P	0.002
1419	L	0.002
1420	S	0.002
1421	S	0.002
1422	D	0.002
1423	A	0.002
1424	S	0.002
1425	H	0.002
1426	A	0.002
1427	H	0.002
1428	S	0.002
1429	A	0.002
1430	T	0.002
1431	S	0.002
1432	L	0.002
1433	G	0.002
1434	G	0.002
1435	Q	0.002
1436	G	0.002
1437	P	0.002
1438	R	0.002
1439	K	0.002
1440	P	0.002
1441	E	0.002
1442	E	0.002
1443	P	0.002
1444	C	0.002
1445	S	0.002
1446	P	0.002
1447	H	0.002
1448	S	0.002
1449	P	0.002
1450	G	0.002
1451	Q	0.002
1452	R	0.002
1453	H	0.002
1454	L	0.002
1455	P	0.002
1456	A	0.002
1457	G	0.002
1458	T	0.002
1459	A	0.002
1460	R	0.002
1461	A	0.002
1462	A	0.002
1463	S	0.002
1464	S	0.002
1465	A	0.002
1466	L	0.002
1467	A	0.002
1468	T	0.002
1469	V	0.002
1470	D	0.002
1471	E	0.002
1472	E	0.002
1473	P	0.002
1474	S	0.002
1475	S	0.002
1476	V	0.002
1477	T	0.002
1478	D	0.002
1479	E	0.002
1480	E	0.002
1481	V	0.002
1482	G	0.002
1483	A	0.002
1484	S	0.002
1485	L	0.002
1486	F	0.002
1487	T	0.002
1488	K	0.002
1489	L	0.002
1490	A	0.002
1491	D	0.002
1492	P	0.002
1493	G	0.002
1494	P	0.002
1495	P	0.002
1496	G	0.002
1497	L	0.002
1498	L	0.002
1499	Q	0.002
1500	W	0.002
1501	P	0.002
1502	K	0.002
1503	D	0.002
1504	E	0.002
1505	Q	0.002
1506	S	0.002
1507	D	0.002
1508	L	0.002
1509	C	0.002
1510	R	0.002
1511	R	0.002
1512	Q	0.002
1513	R	0.002
1514	E	0.002
1515	S	0.002
1516	G	0.002
1517	T	0.002
1518	G	0.002
1519	S	0.002
1520	L	0.002
1521	S	0.002
1522	F	0.002
1523	N	0.002
1524	E	0.002
1525	E	0.002
1526	C	0.002
1527	R	0.002
1528	D	0.002
1529	W	0.002
1530	K	0.002
1531	L	0.002
1532	V	0.002
1533	Q	0.002
1534	R	0.002
1535	C	0.002
1536	C	0.002
1537	G	0.002
1538	A	0.002
1539	V	0.002
1540	E	0.002
1541	D	0.002
1542	A	0.002
1543	V	0.002
1544	V	0.002
1545	P	0.002
1546	R	0.002
1547	L	0.002
1548	P	0.002
1549	A	0.002
1550	E	0.002
1551	A	0.002
1552	T	0.002
1553	R	0.002
