sp|P50219|MNX1_HUMAN,NP_005506.3,100.000,401,0,0,1,401,1,401,0.0,788,100.00
sp|P50219|MNX1_HUMAN,XP_030863268.1,99.502,402,0,2,1,401,1,401,0.0,777,99.50
sp|P50219|MNX1_HUMAN,XP_025236019.1,98.756,402,4,1,1,401,1,402,0.0,775,98.76
sp|P50219|MNX1_HUMAN,XP_001150658.2,99.002,401,1,2,1,401,1,398,0.0,772,99.00
sp|P50219|MNX1_HUMAN,XP_028702357.1,98.020,404,5,2,1,401,1,404,0.0,769,98.02
sp|P50219|MNX1_HUMAN,XP_024105896.1,98.020,404,5,2,1,401,1,404,0.0,768,98.51
sp|P50219|MNX1_HUMAN,XP_026302810.1,98.254,401,4,1,1,401,1,398,0.0,768,98.25
sp|P50219|MNX1_HUMAN,XP_034821254.1,98.756,402,1,3,1,401,1,399,0.0,768,98.76
sp|P50219|MNX1_HUMAN,XP_032609489.1,98.259,402,5,2,1,401,1,401,0.0,767,98.51
sp|P50219|MNX1_HUMAN,XP_030681847.1,98.015,403,5,2,1,401,1,402,0.0,766,98.26
sp|P50219|MNX1_HUMAN,XP_033049542.1,97.761,402,5,2,1,401,1,399,0.0,762,97.76
sp|P50219|MNX1_HUMAN,XP_017374969.1,97.525,404,5,3,1,401,1,402,0.0,761,97.77
sp|P50219|MNX1_HUMAN,XP_032100776.1,97.277,404,6,3,1,401,1,402,0.0,760,97.52
sp|P50219|MNX1_HUMAN,XP_039328969.1,97.037,405,7,3,1,401,1,404,0.0,758,97.53
sp|P50219|MNX1_HUMAN,XP_035110156.1,97.264,402,7,3,1,401,1,399,0.0,757,97.76
sp|P50219|MNX1_HUMAN,XP_007981808.2,94.660,412,10,2,1,401,1,411,0.0,753,94.66
sp|P50219|MNX1_HUMAN,XP_030788887.1,96.766,402,7,3,1,401,1,397,0.0,749,96.77
sp|P50219|MNX1_HUMAN,XP_011927708.1,90.524,401,37,1,1,401,1,400,0.0,553,90.77
sp|P50219|MNX1_HUMAN,XP_027430114.1,85.230,413,46,4,1,401,1,410,0.0,546,87.17
sp|P50219|MNX1_HUMAN,XP_027948180.1,88.832,394,36,3,1,389,1,391,0.0,542,90.36
sp|P50219|MNX1_HUMAN,XP_011728229.1,89.330,403,41,1,1,401,1,403,0.0,537,89.83
sp|P50219|MNX1_HUMAN,XP_036719881.1,86.618,411,45,3,1,401,1,411,0.0,537,88.08
sp|P50219|MNX1_HUMAN,XP_031310424.1,82.426,404,64,4,1,401,1,400,0.0,534,84.65
sp|P50219|MNX1_HUMAN,XP_041606945.1,85.888,411,48,3,1,401,1,411,0.0,533,87.35
sp|P50219|MNX1_HUMAN,XP_038173714.1,88.684,380,41,2,1,379,1,379,0.0,533,91.58
sp|P50219|MNX1_HUMAN,XP_023495882.1,92.172,396,24,1,1,389,1,396,0.0,532,93.18
sp|P50219|MNX1_HUMAN,XP_036102072.1,86.881,404,46,3,1,401,1,400,0.0,531,89.36
sp|P50219|MNX1_HUMAN,XP_034375606.1,88.642,405,41,3,1,401,1,404,0.0,530,90.62
sp|P50219|MNX1_HUMAN,XP_028381867.1,85.641,390,43,3,1,389,1,378,0.0,530,87.18
sp|P50219|MNX1_HUMAN,XP_026236146.1,92.040,402,30,2,1,401,1,401,0.0,528,93.78
sp|P50219|MNX1_HUMAN,XP_028630611.1,88.395,405,42,3,1,401,1,404,0.0,528,90.62
sp|P50219|MNX1_HUMAN,XP_032338877.1,85.539,408,50,3,1,401,1,406,0.0,528,87.75
sp|P50219|MNX1_HUMAN,XP_025306891.2,84.541,414,51,3,1,401,1,414,0.0,527,86.71
sp|P50219|MNX1_HUMAN,XP_038308774.1,84.337,415,51,3,1,401,1,415,0.0,527,86.02
sp|P50219|MNX1_HUMAN,XP_032499438.1,87.010,408,43,3,1,401,1,405,0.0,525,88.73
sp|P50219|MNX1_HUMAN,XP_019785808.1,86.308,409,44,3,1,401,1,405,0.0,524,88.02
sp|P50219|MNX1_HUMAN,XP_017902998.1,86.829,410,44,5,1,401,1,409,0.0,523,89.76
sp|P50219|MNX1_HUMAN,XP_026334870.1,86.445,391,32,2,1,389,1,372,0.0,523,88.75
sp|P50219|MNX1_HUMAN,XP_027824942.1,89.163,406,38,4,1,401,1,405,0.0,523,91.63
sp|P50219|MNX1_HUMAN,XP_006061474.4,87.990,408,41,3,1,401,1,407,0.0,521,90.20
sp|P50219|MNX1_HUMAN,XP_032696121.1,83.168,404,42,3,1,401,1,381,0.0,521,85.40
sp|P50219|MNX1_HUMAN,XP_024847070.1,84.559,408,55,3,1,401,1,407,1.32e-180,518,86.76
sp|P50219|MNX1_HUMAN,XP_036855430.1,83.623,403,56,5,1,401,1,395,1.73e-180,517,85.11
sp|P50219|MNX1_HUMAN,XP_036987878.1,86.632,389,39,2,1,389,1,376,1.93e-180,516,88.43
sp|P50219|MNX1_HUMAN,XP_032160157.1,85.784,408,50,3,1,401,1,407,2.23e-180,517,87.99
sp|P50219|MNX1_HUMAN,XP_021521937.1,92.099,405,24,4,1,401,1,401,5.49e-180,516,92.84
sp|P50219|MNX1_HUMAN,XP_022444792.1,89.189,407,33,3,1,401,1,402,8.25e-180,515,90.91
sp|P50219|MNX1_HUMAN,NP_064328.2,86.667,405,49,3,1,401,1,404,1.19e-179,515,89.14
sp|P50219|MNX1_HUMAN,XP_022369579.1,84.804,408,51,3,1,401,1,404,1.65e-179,514,87.01
sp|P50219|MNX1_HUMAN,XP_003134570.2,89.231,390,39,2,1,387,1,390,3.04e-179,514,91.54
sp|P50219|MNX1_HUMAN,XP_041496711.1,87.895,380,44,2,1,379,1,379,4.01e-179,514,90.53
sp|P50219|MNX1_HUMAN,XP_044621794.1,89.258,391,37,2,1,389,1,388,5.53e-179,513,90.03
sp|P50219|MNX1_HUMAN,XP_043318418.1,89.313,393,33,2,1,389,1,388,5.86e-179,513,91.09
sp|P50219|MNX1_HUMAN,XP_039086708.1,85.888,411,47,4,1,401,1,410,8.11e-179,513,87.35
sp|P50219|MNX1_HUMAN,XP_040840169.1,86.765,408,47,4,1,401,1,408,2.72e-178,511,88.48
sp|P50219|MNX1_HUMAN,XP_027807096.1,90.299,402,37,2,1,401,1,401,4.45e-178,511,91.54
sp|P50219|MNX1_HUMAN,XP_044942232.1,85.049,408,53,3,1,401,1,407,1.57e-177,509,88.24
sp|P50219|MNX1_HUMAN,XP_042833382.1,82.857,420,53,3,1,401,1,420,2.34e-177,510,84.76
sp|P50219|MNX1_HUMAN,XP_043441823.1,81.667,420,57,5,1,401,1,419,3.06e-177,509,84.29
sp|P50219|MNX1_HUMAN,XP_036755578.1,84.655,391,50,5,1,389,1,383,6.18e-177,508,85.93
sp|P50219|MNX1_HUMAN,XP_035924632.1,85.396,404,53,3,1,401,1,401,7.48e-177,508,87.62
sp|P50219|MNX1_HUMAN,XP_042783613.1,84.096,415,52,3,1,401,1,415,7.68e-177,508,86.27
sp|P50219|MNX1_HUMAN,XP_034885692.1,80.977,389,28,2,1,389,1,343,1.95e-176,505,82.78
sp|P50219|MNX1_HUMAN,XP_044100599.1,84.804,408,53,4,1,401,1,406,2.50e-176,506,87.25
sp|P50219|MNX1_HUMAN,XP_032954508.1,87.147,389,32,3,1,389,1,371,2.64e-176,506,88.95
sp|P50219|MNX1_HUMAN,XP_023106583.1,84.096,415,51,4,1,401,1,414,1.29e-175,505,86.02
sp|P50219|MNX1_HUMAN,XP_023987878.1,88.325,394,43,2,1,393,1,392,1.42e-175,504,89.85
sp|P50219|MNX1_HUMAN,XP_031235770.1,88.158,380,43,2,1,379,1,379,1.86e-175,504,89.74
sp|P50219|MNX1_HUMAN,XP_021019605.1,86.667,405,49,3,1,401,1,404,2.12e-175,504,89.14
sp|P50219|MNX1_HUMAN,XP_036905406.1,85.934,391,42,3,1,389,1,380,3.78e-175,503,87.47
sp|P50219|MNX1_HUMAN,XP_045015920.1,84.804,408,49,4,1,401,1,402,3.90e-174,501,86.52
sp|P50219|MNX1_HUMAN,XP_036212091.1,89.840,374,30,4,1,373,1,367,3.63e-173,498,91.98
sp|P50219|MNX1_HUMAN,XP_036036312.1,88.158,380,42,3,1,379,1,378,2.60e-172,496,90.00
sp|P50219|MNX1_HUMAN,XP_021047403.1,85.789,380,51,3,1,379,1,378,7.05e-172,495,88.68
sp|P50219|MNX1_HUMAN,XP_021792178.2,93.766,401,25,0,1,401,1,401,3.65e-171,493,94.01
sp|P50219|MNX1_HUMAN,XP_036288614.1,81.796,401,42,7,1,401,1,370,2.19e-169,488,83.79
sp|P50219|MNX1_HUMAN,XP_016016420.2,86.189,391,42,5,1,389,1,381,7.28e-169,487,88.24
sp|P50219|MNX1_HUMAN,XP_020038839.1,92.670,382,24,3,1,379,1,381,8.25e-169,488,93.72
sp|P50219|MNX1_HUMAN,XP_004597582.1,86.520,408,48,4,1,401,1,408,2.75e-166,481,88.48
sp|P50219|MNX1_HUMAN,XP_037693545.1,80.102,392,62,5,1,378,1,390,3.30e-165,479,84.69
sp|P50219|MNX1_HUMAN,XP_006996778.1,88.684,380,41,2,1,379,1,379,3.62e-165,478,90.26
sp|P50219|MNX1_HUMAN,XP_026645184.1,83.421,380,61,2,1,379,1,379,4.87e-165,478,86.05
sp|P50219|MNX1_HUMAN,XP_040594728.1,86.579,380,48,2,1,379,1,378,5.21e-165,478,89.21
sp|P50219|MNX1_HUMAN,XP_044775962.1,76.531,392,39,4,1,389,1,342,1.04e-164,475,78.83
sp|P50219|MNX1_HUMAN,XP_027284433.1,87.895,380,43,3,1,379,1,378,2.37e-164,476,90.26
sp|P50219|MNX1_HUMAN,XP_039692994.1,87.339,387,39,5,1,385,1,379,1.29e-163,474,89.66
sp|P50219|MNX1_HUMAN,XP_021516208.1,86.911,382,46,3,1,379,1,381,5.60e-163,473,89.53
sp|P50219|MNX1_HUMAN,NP_001258203.1,86.579,380,48,3,1,379,1,378,4.84e-162,470,88.95
sp|P50219|MNX1_HUMAN,XP_032763079.1,86.053,380,50,3,1,379,1,378,1.54e-161,469,88.42
sp|P50219|MNX1_HUMAN,XP_037380196.1,83.200,375,52,3,1,375,1,364,1.93e-160,466,86.40
sp|P50219|MNX1_HUMAN,XP_004860383.1,78.316,392,63,5,1,391,1,371,7.67e-160,463,81.12
sp|P50219|MNX1_HUMAN,XP_040500461.1,84.419,353,49,2,1,347,1,353,8.79e-160,467,86.40
sp|P50219|MNX1_HUMAN,XP_042639327.1,74.378,402,92,5,1,393,1,400,7.59e-158,460,77.11
sp|P50219|MNX1_HUMAN,XP_036618054.1,72.439,410,80,9,1,401,1,386,1.41e-156,456,78.05
sp|P50219|MNX1_HUMAN,XP_039377688.1,65.012,403,82,10,1,400,1,347,3.12e-154,449,70.47
sp|P50219|MNX1_HUMAN,XP_042527513.1,85.823,395,52,2,1,395,1,391,3.19e-154,450,88.35
sp|P50219|MNX1_HUMAN,XP_044862393.1,64.764,403,84,9,1,400,1,348,6.22e-154,447,70.47
sp|P50219|MNX1_HUMAN,XP_038247900.1,64.677,402,84,11,1,396,1,350,1.45e-152,444,71.14
sp|P50219|MNX1_HUMAN,XP_030405158.1,64.444,405,83,11,1,400,1,349,4.93e-152,443,70.62
sp|P50219|MNX1_HUMAN,XP_006871352.1,75.325,385,54,4,1,378,1,351,1.01e-151,443,78.70
sp|P50219|MNX1_HUMAN,XP_005297321.1,64.090,401,84,10,1,396,1,346,1.26e-151,442,70.82
sp|P50219|MNX1_HUMAN,XP_014800394.1,71.547,362,58,10,1,354,1,325,1.79e-151,442,76.24
sp|P50219|MNX1_HUMAN,XP_026507761.1,63.930,402,84,10,1,396,1,347,1.86e-151,442,70.65
sp|P50219|MNX1_HUMAN,XP_037747586.1,64.589,401,83,10,1,396,1,347,5.66e-151,441,71.57
sp|P50219|MNX1_HUMAN,XP_032250225.1,89.394,264,25,1,141,401,74,337,1.18e-149,436,91.67
sp|P50219|MNX1_HUMAN,XP_032935134.1,67.866,389,84,10,1,388,1,349,5.11e-148,433,74.55
sp|P50219|MNX1_HUMAN,XP_015507181.1,68.123,389,84,9,1,388,1,350,6.37e-148,433,74.81
sp|P50219|MNX1_HUMAN,XP_025714921.1,89.354,263,22,2,142,401,97,356,7.67e-148,432,90.87
sp|P50219|MNX1_HUMAN,XP_020865274.1,69.268,410,95,8,1,401,1,388,3.86e-147,432,76.10
sp|P50219|MNX1_HUMAN,XP_001364877.1,69.756,410,93,8,1,401,1,388,7.50e-147,431,76.10
sp|P50219|MNX1_HUMAN,XP_014727758.1,68.123,389,84,9,1,388,1,350,2.19e-146,429,74.81
sp|P50219|MNX1_HUMAN,XP_005528585.1,67.436,390,86,10,1,388,1,351,4.37e-146,428,74.62
sp|P50219|MNX1_HUMAN,XP_044534382.1,69.756,410,93,8,1,401,1,388,4.44e-146,429,75.85
sp|P50219|MNX1_HUMAN,XP_033264153.1,89.568,278,26,1,127,401,20,297,4.53e-146,426,91.73
sp|P50219|MNX1_HUMAN,XP_033264153.1,71.429,49,9,1,1,49,1,44,6.59e-07,62.0,73.47
sp|P50219|MNX1_HUMAN,XP_027696711.1,71.046,411,85,9,1,401,1,387,4.74e-146,429,77.13
sp|P50219|MNX1_HUMAN,XP_034505991.1,93.522,247,16,0,143,389,1,247,7.79e-146,424,95.55
sp|P50219|MNX1_HUMAN,XP_031529662.1,93.436,259,17,0,136,394,59,317,3.17e-145,431,95.37
sp|P50219|MNX1_HUMAN,XP_031529662.1,89.474,57,6,0,1,57,1,57,6.65e-08,66.2,92.98
sp|P50219|MNX1_HUMAN,XP_043824725.1,68.765,413,95,8,1,401,1,391,3.55e-145,427,75.30
sp|P50219|MNX1_HUMAN,XP_004403543.1,89.189,259,22,2,146,401,63,318,4.36e-145,424,90.73
sp|P50219|MNX1_HUMAN,XP_004403543.1,95.455,44,2,0,1,44,1,44,3.06e-07,63.2,97.73
sp|P50219|MNX1_HUMAN,XP_030094188.1,70.787,356,63,10,1,354,1,317,4.66e-145,426,75.84
sp|P50219|MNX1_HUMAN,XP_030710211.1,91.985,262,18,1,143,401,142,403,1.42e-144,426,93.51
sp|P50219|MNX1_HUMAN,XP_040115871.1,90.566,265,22,1,140,401,1,265,5.59e-144,419,92.83
sp|P50219|MNX1_HUMAN,XP_030799495.1,67.095,389,88,8,1,388,1,350,6.33e-144,423,73.52
sp|P50219|MNX1_HUMAN,XP_039566164.1,67.609,389,82,11,1,388,1,346,6.49e-144,422,74.55
sp|P50219|MNX1_HUMAN,XP_042658050.1,67.352,389,82,9,1,388,1,345,7.06e-144,422,73.52
sp|P50219|MNX1_HUMAN,XP_029088923.1,91.667,264,19,1,141,401,74,337,7.56e-144,422,93.56
sp|P50219|MNX1_HUMAN,XP_039929748.1,67.866,389,84,10,1,388,1,349,1.19e-143,422,74.04
sp|P50219|MNX1_HUMAN,XP_027542800.1,68.112,392,83,9,1,388,1,354,4.65e-143,421,75.00
sp|P50219|MNX1_HUMAN,XP_027696712.1,70.048,414,87,10,1,401,1,390,1.58e-142,420,76.33
sp|P50219|MNX1_HUMAN,XP_041345778.1,67.352,389,87,9,1,388,1,350,1.73e-142,419,74.04
sp|P50219|MNX1_HUMAN,XP_036234778.1,67.095,389,87,9,1,388,1,349,1.84e-142,419,73.52
sp|P50219|MNX1_HUMAN,XP_026958541.1,91.473,258,19,1,147,401,70,327,2.21e-142,417,93.41
sp|P50219|MNX1_HUMAN,XP_030898722.2,66.019,412,88,12,1,401,1,371,2.34e-142,419,71.60
sp|P50219|MNX1_HUMAN,XP_006129402.1,60.784,408,85,12,1,396,1,345,5.64e-142,417,67.89
sp|P50219|MNX1_HUMAN,XP_037984446.1,66.838,389,88,9,1,388,1,349,1.67e-141,417,73.26
sp|P50219|MNX1_HUMAN,XP_021548468.1,92.369,249,18,1,141,389,76,323,2.45e-141,415,94.38
sp|P50219|MNX1_HUMAN,XP_041899860.1,68.123,389,84,9,1,388,1,350,5.32e-141,416,74.55
sp|P50219|MNX1_HUMAN,XP_021382247.1,66.838,389,88,9,1,388,1,349,6.18e-141,415,73.01
sp|P50219|MNX1_HUMAN,XP_041264740.1,66.838,389,89,9,1,388,1,350,1.03e-140,415,73.52
sp|P50219|MNX1_HUMAN,XP_031972485.1,67.609,389,86,8,1,388,1,350,1.30e-140,414,74.04
sp|P50219|MNX1_HUMAN,XP_006751401.1,92.653,245,18,0,145,389,1,245,2.28e-140,410,94.69
sp|P50219|MNX1_HUMAN,XP_040449510.1,66.923,390,88,8,1,388,1,351,6.48e-140,413,74.10
sp|P50219|MNX1_HUMAN,XP_037238426.1,67.179,390,87,8,1,388,1,351,6.48e-140,413,74.36
sp|P50219|MNX1_HUMAN,XP_017674846.1,67.519,391,86,8,1,388,1,353,1.04e-139,412,73.91
sp|P50219|MNX1_HUMAN,XP_023600288.1,88.593,263,25,4,137,398,28,286,3.76e-139,408,91.63
sp|P50219|MNX1_HUMAN,XP_029776811.1,91.667,252,18,1,153,401,1,252,5.19e-139,406,92.86
sp|P50219|MNX1_HUMAN,XP_029865914.1,66.247,397,87,9,1,388,1,359,6.94e-139,410,71.79
sp|P50219|MNX1_HUMAN,XP_007472346.1,89.513,267,21,2,142,401,389,655,7.32e-139,420,91.76
sp|P50219|MNX1_HUMAN,XP_031795409.1,67.554,413,99,9,1,401,1,390,1.59e-138,410,74.58
sp|P50219|MNX1_HUMAN,XP_019815092.1,84.912,285,39,1,58,338,98,382,2.57e-138,411,85.61
sp|P50219|MNX1_HUMAN,XP_019280476.1,89.734,263,24,1,142,401,61,323,8.15e-138,405,92.02
sp|P50219|MNX1_HUMAN,XP_019280476.1,96.970,33,1,0,1,33,1,33,3.66e-08,66.2,100.00
sp|P50219|MNX1_HUMAN,XP_030123053.3,65.985,391,91,9,1,388,1,352,3.33e-137,406,73.15
sp|P50219|MNX1_HUMAN,XP_014643242.1,92.623,244,17,1,144,387,1,243,6.50e-137,404,95.08
sp|P50219|MNX1_HUMAN,XP_035175457.1,67.403,362,63,11,1,351,1,318,7.34e-137,405,72.93
sp|P50219|MNX1_HUMAN,XP_023568506.1,88.031,259,25,3,136,393,265,518,3.97e-136,409,90.73
sp|P50219|MNX1_HUMAN,XP_027735595.1,70.391,358,64,8,1,354,1,320,9.95e-136,402,74.86
sp|P50219|MNX1_HUMAN,XP_010561340.1,66.076,395,88,9,1,388,1,356,1.28e-135,402,71.90
sp|P50219|MNX1_HUMAN,XP_030360730.1,66.582,392,86,10,1,388,1,351,2.15e-135,401,72.96
sp|P50219|MNX1_HUMAN,XP_040322605.1,89.655,261,23,2,144,401,2,261,3.09e-135,397,91.95
sp|P50219|MNX1_HUMAN,XP_028934069.1,68.299,388,93,7,1,377,1,369,1.35e-133,398,73.71
sp|P50219|MNX1_HUMAN,XP_040404926.1,65.489,368,66,11,1,351,1,324,1.34e-132,394,70.92
sp|P50219|MNX1_HUMAN,XP_030301734.1,68.555,353,65,8,1,349,1,311,1.93e-132,394,72.80
sp|P50219|MNX1_HUMAN,XP_028606951.1,68.347,357,80,7,1,355,1,326,1.07e-131,392,73.67
sp|P50219|MNX1_HUMAN,XP_035420219.1,65.135,370,66,11,1,351,1,326,1.18e-131,392,70.27
sp|P50219|MNX1_HUMAN,NP_001383118.1,67.697,356,50,11,1,354,1,293,5.27e-131,389,69.94
sp|P50219|MNX1_HUMAN,XP_024594953.1,90.079,252,22,1,153,401,117,368,5.82e-131,390,92.06
sp|P50219|MNX1_HUMAN,XP_031471953.1,67.416,356,52,11,1,354,1,294,1.10e-130,389,69.94
sp|P50219|MNX1_HUMAN,XP_021243589.1,65.169,356,58,10,1,354,1,292,1.13e-130,388,67.42
sp|P50219|MNX1_HUMAN,XP_027305987.2,65.867,375,60,11,1,351,1,331,1.78e-130,389,70.40
sp|P50219|MNX1_HUMAN,XP_038611902.1,67.990,403,95,8,1,393,1,379,3.65e-130,389,74.69
sp|P50219|MNX1_HUMAN,XP_044280940.1,66.389,360,83,9,1,355,1,327,3.96e-130,389,71.94
sp|P50219|MNX1_HUMAN,XP_026907056.1,89.328,253,23,2,152,401,44,295,4.98e-130,385,91.70
sp|P50219|MNX1_HUMAN,XP_025849709.1,90.756,238,19,1,167,401,1,238,4.23e-129,380,93.70
sp|P50219|MNX1_HUMAN,XP_042744943.1,67.697,356,51,11,1,354,1,294,5.27e-129,384,69.94
sp|P50219|MNX1_HUMAN,XP_042673472.1,67.606,355,53,10,1,354,1,294,7.14e-129,384,69.86
sp|P50219|MNX1_HUMAN,XP_028289077.1,57.868,394,69,16,1,388,1,303,8.29e-129,382,64.47
sp|P50219|MNX1_HUMAN,XP_034985729.1,66.106,357,84,7,1,355,1,322,5.26e-128,383,71.71
sp|P50219|MNX1_HUMAN,XP_032090858.1,63.912,363,80,9,1,357,1,318,8.54e-128,382,68.60
sp|P50219|MNX1_HUMAN,XP_019514632.1,91.129,248,21,1,142,389,86,332,8.92e-128,381,93.55
sp|P50219|MNX1_HUMAN,XP_015708296.1,63.077,390,82,11,1,388,1,330,1.02e-127,381,67.18
sp|P50219|MNX1_HUMAN,XP_039610126.1,55.412,388,90,11,1,388,1,305,1.02e-127,380,63.66
sp|P50219|MNX1_HUMAN,XP_012509606.1,92.340,235,17,1,146,379,61,295,1.09e-127,380,94.04
sp|P50219|MNX1_HUMAN,XP_012509606.1,97.727,44,1,0,1,44,1,44,2.13e-07,63.9,97.73
sp|P50219|MNX1_HUMAN,XP_003439271.1,57.990,388,79,13,1,388,1,304,1.50e-127,379,65.21
sp|P50219|MNX1_HUMAN,XP_006002234.1,55.725,393,90,12,1,393,1,309,2.94e-127,379,64.12
sp|P50219|MNX1_HUMAN,XP_028647219.1,55.412,388,90,11,1,388,1,305,4.92e-127,378,63.66
sp|P50219|MNX1_HUMAN,XP_030153237.2,89.236,288,25,4,117,401,54,338,9.32e-127,378,91.32
sp|P50219|MNX1_HUMAN,XP_010739191.2,57.216,388,80,13,1,388,1,302,1.06e-126,377,64.43
sp|P50219|MNX1_HUMAN,XP_018550881.1,58.098,389,79,14,1,388,1,306,1.39e-126,377,65.04
sp|P50219|MNX1_HUMAN,XP_026574115.1,62.626,396,94,10,1,388,1,350,1.54e-126,379,67.93
sp|P50219|MNX1_HUMAN,XP_039983204.1,57.474,388,81,13,1,388,1,304,2.17e-126,376,64.69
sp|P50219|MNX1_HUMAN,XP_030612937.1,57.732,388,79,14,1,388,1,303,2.28e-126,376,64.69
sp|P50219|MNX1_HUMAN,XP_036935276.1,56.959,388,77,13,1,388,1,298,2.66e-126,376,64.69
sp|P50219|MNX1_HUMAN,XP_032039043.1,65.333,375,62,11,1,351,1,331,3.27e-126,379,69.87
sp|P50219|MNX1_HUMAN,XP_022622969.1,57.841,389,80,14,1,388,1,306,3.48e-126,376,65.55
sp|P50219|MNX1_HUMAN,XP_015688033.1,63.305,357,86,8,1,354,1,315,3.95e-126,376,68.63
sp|P50219|MNX1_HUMAN,XP_034257552.1,62.849,358,90,8,1,354,1,319,5.01e-126,378,68.72
sp|P50219|MNX1_HUMAN,XP_039899689.1,57.732,388,79,14,1,388,1,303,5.23e-126,375,64.69
sp|P50219|MNX1_HUMAN,XP_041817789.1,57.326,389,80,14,1,388,1,304,8.66e-126,375,64.27
sp|P50219|MNX1_HUMAN,XP_026536726.1,64.986,357,80,9,1,354,1,315,1.32e-125,375,68.91
sp|P50219|MNX1_HUMAN,XP_030636682.1,55.155,388,87,12,1,388,1,301,2.30e-125,374,62.89
sp|P50219|MNX1_HUMAN,XP_033021399.1,66.947,357,85,7,1,355,1,326,4.82e-125,375,71.99
sp|P50219|MNX1_HUMAN,XP_035511003.1,56.812,389,80,14,1,388,1,302,4.88e-125,373,63.50
sp|P50219|MNX1_HUMAN,XP_004546883.1,57.732,388,79,14,1,388,1,303,4.95e-125,373,64.43
sp|P50219|MNX1_HUMAN,XP_026148094.1,57.216,388,81,12,1,388,1,303,5.64e-125,373,63.14
sp|P50219|MNX1_HUMAN,XP_017261929.1,58.763,388,88,12,1,388,1,316,8.63e-125,373,66.24
sp|P50219|MNX1_HUMAN,XP_022062534.1,57.326,389,79,14,1,388,1,303,9.31e-125,372,64.78
sp|P50219|MNX1_HUMAN,XP_029955710.1,57.326,389,85,14,1,388,1,309,9.94e-125,372,64.52
sp|P50219|MNX1_HUMAN,XP_005722834.1,57.474,388,80,14,1,388,1,303,1.26e-124,372,64.43
sp|P50219|MNX1_HUMAN,XP_044032254.1,56.555,389,81,14,1,388,1,302,1.28e-124,372,64.01
sp|P50219|MNX1_HUMAN,XP_037550403.1,56.701,388,92,12,1,388,1,312,1.33e-124,372,64.95
sp|P50219|MNX1_HUMAN,XP_028425723.1,57.326,389,75,15,1,388,1,299,1.45e-124,372,64.52
sp|P50219|MNX1_HUMAN,XP_034718235.1,56.959,388,78,14,1,388,1,299,1.48e-124,372,64.95
sp|P50219|MNX1_HUMAN,XP_023143340.1,57.069,389,80,14,1,388,1,303,1.55e-124,372,64.78
sp|P50219|MNX1_HUMAN,XP_040922009.1,57.069,389,80,15,1,388,1,303,1.77e-124,372,64.27
sp|P50219|MNX1_HUMAN,XP_008279004.1,57.069,389,80,14,1,388,1,303,2.20e-124,371,64.52
sp|P50219|MNX1_HUMAN,XP_005912443.1,56.701,388,83,14,1,388,1,303,2.25e-124,371,63.92
sp|P50219|MNX1_HUMAN,XP_041823481.1,56.923,390,85,15,1,388,1,309,2.89e-124,371,64.36
sp|P50219|MNX1_HUMAN,XP_019943046.1,56.186,388,83,13,1,388,1,301,4.04e-124,370,63.66
sp|P50219|MNX1_HUMAN,XP_043871614.1,57.584,389,81,13,1,388,1,306,5.13e-124,370,65.04
sp|P50219|MNX1_HUMAN,XP_030253683.1,57.069,389,74,15,1,388,1,297,6.14e-124,370,64.27
sp|P50219|MNX1_HUMAN,XP_003968102.1,56.812,389,81,15,1,388,1,303,7.64e-124,370,63.75
sp|P50219|MNX1_HUMAN,XP_031148663.1,57.069,389,76,15,1,388,1,299,7.75e-124,370,64.27
sp|P50219|MNX1_HUMAN,XP_029979024.1,56.667,390,80,15,1,388,1,303,8.52e-124,370,63.85
sp|P50219|MNX1_HUMAN,XP_029935503.1,56.555,389,82,14,1,388,1,303,8.52e-124,370,64.01
sp|P50219|MNX1_HUMAN,XP_006887751.1,88.596,228,24,2,152,378,52,278,9.73e-124,369,91.23
sp|P50219|MNX1_HUMAN,XP_006887751.1,86.667,45,6,0,1,45,1,45,2.31e-07,63.5,95.56
sp|P50219|MNX1_HUMAN,XP_032359864.1,56.812,389,77,15,1,388,1,299,1.08e-123,369,64.27
sp|P50219|MNX1_HUMAN,XP_004081164.1,56.959,388,85,12,1,388,1,306,1.14e-123,369,63.66
sp|P50219|MNX1_HUMAN,XP_039201609.1,61.559,372,85,9,1,356,1,330,1.34e-123,372,66.67
sp|P50219|MNX1_HUMAN,XP_029003442.1,56.812,389,81,13,1,388,1,303,2.56e-123,369,62.98
sp|P50219|MNX1_HUMAN,XP_006634575.1,55.385,390,85,12,1,388,1,303,2.71e-123,369,63.08
sp|P50219|MNX1_HUMAN,XP_015810117.1,56.923,390,82,14,1,388,1,306,2.75e-123,369,64.87
sp|P50219|MNX1_HUMAN,XP_008154678.1,87.448,239,24,4,158,396,56,288,2.82e-123,367,90.38
sp|P50219|MNX1_HUMAN,XP_008154678.1,96.970,33,1,0,1,33,1,33,3.00e-08,65.9,100.00
sp|P50219|MNX1_HUMAN,XP_034004088.1,57.584,389,80,16,1,388,1,305,3.16e-123,368,64.52
sp|P50219|MNX1_HUMAN,XP_034416319.1,56.701,388,80,14,1,388,1,300,3.46e-123,368,64.18
sp|P50219|MNX1_HUMAN,XP_033964971.1,56.443,388,84,14,1,388,1,303,3.48e-123,368,63.92
sp|P50219|MNX1_HUMAN,XP_026219408.1,56.443,388,84,13,1,388,1,303,5.15e-123,368,63.66
sp|P50219|MNX1_HUMAN,XP_005414160.1,89.496,238,21,1,156,393,389,622,5.53e-123,379,91.60
sp|P50219|MNX1_HUMAN,XP_034057116.1,57.216,388,81,15,1,388,1,303,6.77e-123,367,64.95
sp|P50219|MNX1_HUMAN,XP_024136145.1,57.474,388,82,13,1,388,1,305,1.05e-122,367,64.43
sp|P50219|MNX1_HUMAN,XP_033495108.1,55.784,389,82,15,1,388,1,300,1.09e-122,367,63.75
sp|P50219|MNX1_HUMAN,XP_032639763.1,57.740,407,104,11,1,400,1,346,1.21e-122,369,65.36
sp|P50219|MNX1_HUMAN,XP_042255711.1,55.754,391,85,14,1,388,1,306,1.70e-122,367,62.15
sp|P50219|MNX1_HUMAN,XP_008394964.1,56.522,391,85,14,1,388,1,309,2.50e-122,366,64.19
sp|P50219|MNX1_HUMAN,XP_007555744.1,56.522,391,85,14,1,388,1,309,2.95e-122,366,64.19
sp|P50219|MNX1_HUMAN,XP_012708618.1,56.812,389,87,14,1,388,1,309,4.27e-122,365,64.78
sp|P50219|MNX1_HUMAN,XP_034428284.1,55.412,388,87,13,1,388,1,302,4.60e-122,365,63.14
sp|P50219|MNX1_HUMAN,XP_013868799.1,57.216,388,90,13,1,388,1,312,4.63e-122,365,64.95
sp|P50219|MNX1_HUMAN,XP_023182639.1,56.522,391,85,14,1,388,1,309,5.42e-122,365,64.19
sp|P50219|MNX1_HUMAN,XP_043960284.1,56.522,391,85,14,1,388,1,309,7.86e-122,365,64.19
sp|P50219|MNX1_HUMAN,XP_029385371.1,56.041,389,91,14,1,388,1,310,1.01e-121,365,63.75
sp|P50219|MNX1_HUMAN,XP_043920723.1,56.576,403,97,14,1,397,1,331,1.25e-121,365,64.02
sp|P50219|MNX1_HUMAN,XP_027861492.1,56.266,391,86,14,1,388,1,309,3.04e-121,363,64.19
sp|P50219|MNX1_HUMAN,XP_032407982.1,56.266,391,86,14,1,388,1,309,3.39e-121,363,64.19
sp|P50219|MNX1_HUMAN,XP_006904526.2,87.660,235,26,3,153,385,61,294,3.67e-121,363,91.06
sp|P50219|MNX1_HUMAN,XP_043871615.1,56.888,392,82,14,1,388,1,309,3.69e-121,363,64.54
sp|P50219|MNX1_HUMAN,XP_042562380.1,55.270,389,84,14,1,388,1,300,7.16e-121,362,62.72
sp|P50219|MNX1_HUMAN,XP_041670580.1,55.527,389,86,14,1,388,1,303,1.65e-120,361,62.72
sp|P50219|MNX1_HUMAN,XP_040022801.1,55.102,392,91,13,1,392,1,307,2.90e-120,360,63.01
sp|P50219|MNX1_HUMAN,XP_033855440.2,54.103,390,94,12,1,388,1,307,3.36e-120,360,61.54
sp|P50219|MNX1_HUMAN,XP_020457912.1,55.670,388,80,12,1,388,1,296,3.53e-120,360,61.86
sp|P50219|MNX1_HUMAN,XP_038153795.1,55.897,390,88,14,1,388,1,308,5.89e-120,360,64.36
sp|P50219|MNX1_HUMAN,XP_033848786.2,53.846,390,95,12,1,388,1,307,6.67e-120,360,61.28
sp|P50219|MNX1_HUMAN,XP_035271876.1,54.499,389,89,12,1,388,1,302,1.52e-119,359,62.21
sp|P50219|MNX1_HUMAN,XP_023694496.1,54.242,389,91,13,1,388,1,303,1.57e-119,359,61.70
sp|P50219|MNX1_HUMAN,XP_015232946.1,55.641,390,86,14,1,388,1,305,3.82e-119,358,64.10
sp|P50219|MNX1_HUMAN,XP_041923920.1,53.608,388,91,12,1,388,1,299,4.26e-119,358,61.34
sp|P50219|MNX1_HUMAN,XP_029313845.1,56.298,389,80,14,1,388,1,300,5.36e-119,357,63.50
sp|P50219|MNX1_HUMAN,XP_033841848.1,55.412,388,86,14,1,388,1,301,9.36e-119,357,62.63
sp|P50219|MNX1_HUMAN,XP_016336654.1,52.835,388,94,10,1,388,1,299,1.12e-118,357,59.54
sp|P50219|MNX1_HUMAN,XP_008845517.1,89.035,228,21,2,177,401,71,297,1.20e-118,356,91.23
sp|P50219|MNX1_HUMAN,XP_008845517.1,92.000,25,2,0,1,25,1,25,0.004,50.8,96.00
sp|P50219|MNX1_HUMAN,NP_001158727.1,98.837,172,2,0,230,401,18,189,1.84e-118,351,99.42
sp|P50219|MNX1_HUMAN,XP_020791406.1,54.897,388,88,15,1,388,1,301,2.17e-118,356,61.86
sp|P50219|MNX1_HUMAN,XP_028290582.1,62.539,323,56,10,1,323,1,258,4.82e-118,355,69.04
sp|P50219|MNX1_HUMAN,XP_002935225.2,58.953,363,71,11,1,354,1,294,9.45e-118,355,65.01
sp|P50219|MNX1_HUMAN,XP_018124515.1,55.276,398,97,12,1,388,1,327,1.14e-117,355,63.82
sp|P50219|MNX1_HUMAN,XP_018962856.1,53.351,388,94,10,1,388,1,301,1.25e-117,354,59.79
sp|P50219|MNX1_HUMAN,XP_026122140.1,53.608,388,94,10,1,388,1,302,1.45e-117,354,59.79
sp|P50219|MNX1_HUMAN,XP_026072699.1,53.351,388,92,10,1,388,1,299,1.91e-117,353,60.05
sp|P50219|MNX1_HUMAN,XP_006264447.2,74.906,267,35,8,132,396,4,240,2.07e-117,351,77.53
sp|P50219|MNX1_HUMAN,XP_010883796.2,54.639,388,84,13,1,388,1,296,2.85e-117,353,62.11
sp|P50219|MNX1_HUMAN,XP_041717264.1,54.103,390,84,14,1,388,1,297,3.08e-117,353,61.79
sp|P50219|MNX1_HUMAN,XP_042366631.1,55.013,389,82,16,1,388,1,297,1.19e-116,351,61.95
sp|P50219|MNX1_HUMAN,XP_034024139.1,56.186,388,90,12,1,388,1,308,1.38e-116,352,64.18
sp|P50219|MNX1_HUMAN,XP_016388798.1,53.608,388,94,12,1,388,1,302,2.30e-116,351,60.57
sp|P50219|MNX1_HUMAN,XP_042616463.1,52.500,400,98,11,1,393,1,315,2.84e-116,351,59.00
sp|P50219|MNX1_HUMAN,XP_010783134.1,62.539,323,56,11,1,323,1,258,5.00e-116,350,68.73
sp|P50219|MNX1_HUMAN,XP_042327860.1,59.280,361,89,9,1,356,1,308,5.99e-116,352,66.20
sp|P50219|MNX1_HUMAN,XP_041738013.1,53.470,389,87,13,1,388,1,296,1.14e-115,349,60.67
sp|P50219|MNX1_HUMAN,XP_043101437.1,54.639,388,90,12,1,388,1,302,1.33e-115,349,61.34
sp|P50219|MNX1_HUMAN,XP_024910146.1,55.190,395,102,13,1,392,1,323,1.95e-115,349,62.03
sp|P50219|MNX1_HUMAN,XP_040208637.1,54.774,398,107,10,1,397,51,376,2.62e-115,350,63.82
sp|P50219|MNX1_HUMAN,XP_030045774.1,57.513,386,86,12,1,385,1,309,2.78e-115,348,62.69
sp|P50219|MNX1_HUMAN,XP_037312452.1,60.245,327,61,8,1,327,1,258,3.50e-115,348,65.75
sp|P50219|MNX1_HUMAN,XP_029611999.1,53.351,388,89,12,1,388,1,296,3.59e-115,347,60.05
sp|P50219|MNX1_HUMAN,XP_019897295.2,54.220,391,84,14,1,388,1,299,4.49e-115,347,61.64
sp|P50219|MNX1_HUMAN,NP_001090292.1,54.386,399,95,13,1,388,1,323,5.62e-115,348,63.41
sp|P50219|MNX1_HUMAN,XP_041717263.1,53.690,393,84,15,1,388,1,300,6.16e-115,347,61.32
sp|P50219|MNX1_HUMAN,XP_038570499.1,55.527,389,81,14,1,388,1,298,9.92e-115,347,62.47
sp|P50219|MNX1_HUMAN,XP_037613344.1,54.897,388,84,14,1,388,1,297,1.53e-114,346,61.86
sp|P50219|MNX1_HUMAN,XP_036374094.1,55.013,389,87,13,1,388,1,302,1.63e-114,346,62.72
sp|P50219|MNX1_HUMAN,XP_014036139.1,53.093,388,90,12,1,388,1,296,1.74e-114,346,60.05
sp|P50219|MNX1_HUMAN,XP_038828484.1,53.299,394,96,14,1,392,1,308,1.90e-114,346,60.66
sp|P50219|MNX1_HUMAN,XP_039544449.1,53.213,389,95,11,1,388,1,303,2.52e-114,345,59.64
sp|P50219|MNX1_HUMAN,XP_014013086.1,53.299,394,96,14,1,392,1,308,2.58e-114,345,60.66
sp|P50219|MNX1_HUMAN,XP_015302854.1,97.076,171,5,0,231,401,95,265,5.21e-114,343,97.66
sp|P50219|MNX1_HUMAN,XP_015302854.1,100.000,25,0,0,1,25,1,25,5.17e-04,53.1,100.00
sp|P50219|MNX1_HUMAN,XP_023828098.1,53.093,388,90,12,1,388,1,296,5.84e-114,344,60.05
sp|P50219|MNX1_HUMAN,XP_034024130.1,55.499,391,91,13,1,388,1,311,8.26e-114,345,63.68
sp|P50219|MNX1_HUMAN,XP_038852945.1,53.093,388,90,12,1,388,1,296,8.84e-114,344,60.05
sp|P50219|MNX1_HUMAN,XP_041102514.1,58.434,332,73,9,1,331,1,268,9.97e-114,344,65.96
sp|P50219|MNX1_HUMAN,XP_024232316.1,54.692,373,82,13,1,371,1,288,1.05e-113,344,61.93
sp|P50219|MNX1_HUMAN,XP_041738012.1,53.061,392,87,14,1,388,1,299,1.20e-113,344,60.20
sp|P50219|MNX1_HUMAN,XP_029481820.1,53.046,394,97,14,1,392,1,308,1.23e-113,343,60.66
sp|P50219|MNX1_HUMAN,XP_035595624.1,54.692,373,82,13,1,371,1,288,1.56e-113,343,61.93
sp|P50219|MNX1_HUMAN,XP_008262115.1,90.868,219,18,1,163,379,1,219,1.62e-113,341,92.24
sp|P50219|MNX1_HUMAN,XP_020363969.1,53.046,394,97,14,1,392,1,308,1.84e-113,343,60.66
sp|P50219|MNX1_HUMAN,XP_031705630.1,60.245,327,61,10,1,327,1,258,2.73e-113,343,65.75
sp|P50219|MNX1_HUMAN,XP_029611997.1,52.941,391,89,13,1,388,1,299,5.59e-113,342,59.59
sp|P50219|MNX1_HUMAN,XP_016094534.1,52.750,400,95,11,1,393,1,313,1.34e-112,342,58.25
sp|P50219|MNX1_HUMAN,XP_035475154.1,54.897,388,86,12,1,388,1,299,1.75e-112,341,63.14
sp|P50219|MNX1_HUMAN,XP_016135542.1,53.608,388,95,12,1,388,1,303,1.80e-112,341,60.31
sp|P50219|MNX1_HUMAN,XP_020507730.1,54.756,389,88,14,1,388,1,302,2.10e-112,341,62.72
sp|P50219|MNX1_HUMAN,XP_014036138.1,52.685,391,90,13,1,388,1,299,3.23e-112,340,59.59
sp|P50219|MNX1_HUMAN,NP_001009885.1,53.866,388,93,11,1,388,1,302,6.01e-112,339,59.79
sp|P50219|MNX1_HUMAN,XP_014013085.1,52.897,397,96,15,1,392,1,311,6.85e-112,339,60.20
sp|P50219|MNX1_HUMAN,XP_041096325.1,57.530,332,76,8,1,331,1,268,9.66e-112,339,65.06
sp|P50219|MNX1_HUMAN,XP_021478037.2,52.417,393,101,13,1,392,1,308,1.10e-111,338,60.56
sp|P50219|MNX1_HUMAN,XP_023828097.1,52.685,391,90,13,1,388,1,299,1.23e-111,338,59.59
sp|P50219|MNX1_HUMAN,XP_004702390.2,81.890,254,40,4,131,378,2,255,3.96e-111,336,83.46
sp|P50219|MNX1_HUMAN,XP_034562671.1,58.716,327,68,10,1,327,1,260,8.95e-111,337,65.14
sp|P50219|MNX1_HUMAN,XP_019739216.1,55.779,398,91,15,1,388,1,323,4.58e-110,335,61.56
sp|P50219|MNX1_HUMAN,XP_026884062.1,52.835,388,89,14,1,388,1,294,5.41e-110,334,60.57
sp|P50219|MNX1_HUMAN,XP_018409486.1,59.036,332,70,7,1,332,1,266,6.64e-110,335,65.66
sp|P50219|MNX1_HUMAN,XP_029444358.1,60.563,355,75,13,1,351,1,294,1.13e-109,335,65.07
sp|P50219|MNX1_HUMAN,XP_010640637.2,87.500,200,21,1,193,392,1,196,1.47e-109,329,91.00
sp|P50219|MNX1_HUMAN,XP_036792509.1,52.393,397,98,15,1,392,1,311,2.73e-109,333,59.95
sp|P50219|MNX1_HUMAN,XP_016295438.1,52.320,388,98,10,1,388,1,301,5.31e-109,332,57.99
sp|P50219|MNX1_HUMAN,XP_036800181.1,52.577,388,92,12,1,388,1,296,7.48e-109,332,60.57
sp|P50219|MNX1_HUMAN,XP_005003657.1,82.710,214,32,2,181,393,40,249,1.30e-108,328,86.45
sp|P50219|MNX1_HUMAN,XP_029110991.1,53.788,396,95,14,1,394,1,310,1.88e-108,330,61.36
sp|P50219|MNX1_HUMAN,XP_003802230.1,92.788,208,14,1,173,379,56,263,3.70e-108,329,94.71
sp|P50219|MNX1_HUMAN,XP_003802230.1,97.059,34,1,0,1,34,1,34,1.61e-08,66.6,97.06
sp|P50219|MNX1_HUMAN,XP_023777635.1,75.720,243,27,6,113,354,2,213,3.98e-108,330,79.01
sp|P50219|MNX1_HUMAN,XP_031691820.1,52.577,388,92,12,1,388,45,340,6.11e-108,331,60.31
sp|P50219|MNX1_HUMAN,XP_024248130.2,57.492,327,67,9,1,327,45,299,1.24e-107,330,64.22
sp|P50219|MNX1_HUMAN,XP_038652348.1,50.000,388,101,11,1,388,1,295,3.28e-107,327,58.51
sp|P50219|MNX1_HUMAN,XP_029518585.1,57.798,327,66,9,1,327,45,299,3.33e-107,329,64.53
sp|P50219|MNX1_HUMAN,XP_025908788.1,61.440,389,92,10,1,388,1,332,3.63e-107,328,66.32
sp|P50219|MNX1_HUMAN,XP_021418715.2,56.970,330,67,10,1,327,1,258,1.03e-106,326,63.94
sp|P50219|MNX1_HUMAN,XP_020349695.1,52.174,391,92,13,1,388,45,343,7.79e-106,325,59.85
sp|P50219|MNX1_HUMAN,XP_035625890.1,56.970,330,67,10,1,327,45,302,3.45e-105,324,63.64
sp|P50219|MNX1_HUMAN,XP_020367724.1,50.000,388,100,12,1,388,1,294,4.33e-105,322,58.51
sp|P50219|MNX1_HUMAN,XP_041040958.1,50.258,388,99,12,1,388,1,294,1.45e-104,320,58.25
sp|P50219|MNX1_HUMAN,XP_044151572.1,57.186,334,68,9,1,332,1,261,6.38e-104,320,63.17
sp|P50219|MNX1_HUMAN,XP_040289968.1,57.784,334,66,9,1,332,1,261,8.94e-104,319,63.17
sp|P50219|MNX1_HUMAN,XP_033790166.1,58.380,358,57,10,1,357,1,267,1.00e-103,318,62.01
sp|P50219|MNX1_HUMAN,XP_025925057.1,74.104,251,45,7,148,396,4,236,1.51e-103,316,78.88
sp|P50219|MNX1_HUMAN,XP_043547027.1,49.497,398,107,13,1,398,1,304,2.37e-103,317,58.04
sp|P50219|MNX1_HUMAN,XP_028822151.1,52.821,390,75,14,1,388,1,283,2.56e-103,317,60.00
sp|P50219|MNX1_HUMAN,XP_010961286.1,88.333,180,21,0,169,348,8,187,3.20e-102,312,91.11
sp|P50219|MNX1_HUMAN,XP_013914628.1,60.984,305,78,7,1,302,1,267,4.05e-102,314,68.85
sp|P50219|MNX1_HUMAN,XP_041738015.1,50.255,392,87,15,1,388,1,288,1.25e-101,313,57.40
sp|P50219|MNX1_HUMAN,XP_042188485.1,49.227,388,110,11,1,388,1,301,2.06e-99,308,57.22
sp|P50219|MNX1_HUMAN,XP_032900310.1,48.711,388,106,12,1,388,1,295,1.81e-97,303,57.99
sp|P50219|MNX1_HUMAN,XP_016052465.1,98.675,151,2,0,163,313,1,151,3.83e-97,298,99.34
sp|P50219|MNX1_HUMAN,XP_045054648.1,91.304,161,14,0,173,333,29,189,4.52e-97,298,92.55
sp|P50219|MNX1_HUMAN,XP_045054648.1,93.548,31,2,0,1,31,1,31,2.18e-07,62.0,100.00
sp|P50219|MNX1_HUMAN,XP_030204713.1,55.056,356,81,13,1,354,1,279,3.87e-95,297,64.04
sp|P50219|MNX1_HUMAN,XP_016161691.1,73.191,235,44,5,161,391,82,301,4.90e-95,296,79.57
sp|P50219|MNX1_HUMAN,XP_037135381.1,53.448,406,92,13,1,388,1,327,4.18e-93,292,59.11
sp|P50219|MNX1_HUMAN,XP_003420782.1,79.583,240,42,2,165,401,234,469,1.56e-91,293,82.92
sp|P50219|MNX1_HUMAN,XP_020635449.1,84.571,175,20,4,179,352,39,207,5.17e-91,285,86.29
sp|P50219|MNX1_HUMAN,XP_020635449.1,76.316,38,6,1,1,35,1,38,1.37e-04,54.7,92.11
sp|P50219|MNX1_HUMAN,XP_025026039.1,82.022,178,25,3,177,354,229,399,2.60e-88,284,84.27
sp|P50219|MNX1_HUMAN,XP_009556658.1,96.154,130,4,1,185,313,1,130,1.58e-83,264,96.92
sp|P50219|MNX1_HUMAN,XP_038646062.1,48.182,330,86,9,1,326,1,249,2.07e-81,261,58.18
sp|P50219|MNX1_HUMAN,XP_007538797.1,87.050,139,15,1,176,314,12,147,3.68e-80,255,94.96
sp|P50219|MNX1_HUMAN,XP_020373897.1,46.246,333,89,9,1,326,1,250,1.16e-79,256,56.16
sp|P50219|MNX1_HUMAN,XP_032865569.1,66.968,221,33,7,69,285,69,253,4.07e-79,254,69.68
sp|P50219|MNX1_HUMAN,XP_008582012.1,86.957,161,14,1,229,389,93,246,1.01e-78,253,91.93
sp|P50219|MNX1_HUMAN,XP_043550534.1,47.531,324,79,9,1,316,1,241,1.51e-77,251,57.10
sp|P50219|MNX1_HUMAN,XP_042192117.1,48.615,325,79,9,1,316,1,246,4.31e-76,248,54.77
sp|P50219|MNX1_HUMAN,XP_005340495.1,90.751,173,15,1,230,401,50,222,7.64e-76,244,93.06
sp|P50219|MNX1_HUMAN,XP_005340495.1,81.818,44,7,1,1,44,1,43,1.85e-07,62.8,81.82
sp|P50219|MNX1_HUMAN,XP_017721738.1,92.614,176,7,1,232,401,1,176,2.59e-75,241,92.61
sp|P50219|MNX1_HUMAN,XP_011828483.1,95.349,129,6,0,185,313,215,343,5.40e-75,258,96.90
sp|P50219|MNX1_HUMAN,XP_010827657.1,81.053,190,33,1,215,401,12,201,2.57e-74,239,87.89
sp|P50219|MNX1_HUMAN,XP_004458670.1,77.731,238,46,2,1,232,1,237,4.19e-74,241,81.93
sp|P50219|MNX1_HUMAN,XP_007236506.2,56.504,246,68,9,156,394,57,270,2.52e-73,239,65.45
sp|P50219|MNX1_HUMAN,XP_005442428.1,72.581,186,40,3,208,391,1,177,6.67e-72,233,80.65
sp|P50219|MNX1_HUMAN,XP_041057146.1,65.775,187,50,4,145,326,84,261,1.06e-71,236,73.80
sp|P50219|MNX1_HUMAN,XP_003511152.2,84.091,176,26,2,204,379,141,314,1.29e-70,235,89.20
sp|P50219|MNX1_HUMAN,XP_039610930.1,45.426,317,78,10,1,315,1,224,5.89e-69,229,54.89
sp|P50219|MNX1_HUMAN,XP_037389254.1,52.669,281,85,10,117,390,30,269,1.40e-68,228,61.21
sp|P50219|MNX1_HUMAN,XP_028664171.1,43.598,328,91,9,1,327,1,235,3.92e-68,227,53.96
sp|P50219|MNX1_HUMAN,XP_036452871.1,54.812,239,75,7,157,390,59,269,4.11e-68,226,64.85
sp|P50219|MNX1_HUMAN,XP_019471804.1,85.075,134,11,3,221,354,1,125,4.99e-67,220,88.06
sp|P50219|MNX1_HUMAN,XP_009896925.1,89.167,120,6,1,217,336,1,113,2.49e-66,218,90.83
sp|P50219|MNX1_HUMAN,XP_005234034.1,71.667,180,40,3,214,391,1,171,4.34e-66,218,80.00
sp|P50219|MNX1_HUMAN,XP_019412592.1,75.159,157,20,4,232,388,16,153,8.26e-66,218,78.34
sp|P50219|MNX1_HUMAN,XP_023661846.1,44.214,337,93,11,1,330,1,249,1.60e-65,221,53.41
sp|P50219|MNX1_HUMAN,XP_019363491.1,73.750,160,21,4,231,389,39,178,2.20e-65,217,77.50
sp|P50219|MNX1_HUMAN,XP_030045298.1,44.379,338,91,12,1,332,5,251,3.01e-65,219,52.96
sp|P50219|MNX1_HUMAN,XP_005501020.1,71.186,177,41,3,221,396,1,168,1.13e-64,214,78.53
sp|P50219|MNX1_HUMAN,XP_036397359.1,43.917,337,94,13,1,330,1,249,8.35e-64,217,53.71
sp|P50219|MNX1_HUMAN,XP_037769021.1,44.643,336,94,11,1,332,1,248,1.70e-63,215,52.68
sp|P50219|MNX1_HUMAN,XP_018585053.1,44.083,338,95,13,1,331,1,251,1.86e-63,216,52.37
sp|P50219|MNX1_HUMAN,XP_044888738.1,46.012,326,84,11,1,322,1,238,2.22e-63,215,53.37
sp|P50219|MNX1_HUMAN,XP_027011507.1,61.856,194,53,8,141,330,54,230,2.23e-63,214,70.62
sp|P50219|MNX1_HUMAN,XP_027011507.1,74.194,31,5,1,1,31,1,28,0.012,48.9,90.32
sp|P50219|MNX1_HUMAN,XP_026503503.1,44.345,336,95,11,1,332,1,248,2.32e-63,214,52.68
sp|P50219|MNX1_HUMAN,XP_043096646.1,43.491,338,87,13,1,331,1,241,2.54e-63,215,52.66
sp|P50219|MNX1_HUMAN,XP_038278356.1,44.643,336,94,11,1,332,1,248,3.06e-63,214,52.68
sp|P50219|MNX1_HUMAN,XP_035248968.1,44.272,323,85,13,1,316,1,235,4.16e-63,215,55.42
sp|P50219|MNX1_HUMAN,XP_012695984.1,43.789,322,90,10,1,317,1,236,7.74e-63,214,53.73
sp|P50219|MNX1_HUMAN,XP_042573543.1,42.857,336,92,12,1,331,1,241,9.15e-63,214,52.08
sp|P50219|MNX1_HUMAN,XP_030636727.1,44.444,324,85,12,1,317,1,236,9.22e-63,214,54.01
sp|P50219|MNX1_HUMAN,XP_026868748.2,41.994,331,99,11,1,327,1,242,1.03e-62,214,53.47
sp|P50219|MNX1_HUMAN,XP_043931159.1,44.201,319,88,11,1,314,5,238,1.17e-62,213,52.35
sp|P50219|MNX1_HUMAN,XP_039550036.1,44.179,335,85,13,1,331,1,237,1.38e-62,213,52.24
sp|P50219|MNX1_HUMAN,NP_001009887.2,42.730,337,93,12,1,330,1,244,1.62e-62,213,52.52
sp|P50219|MNX1_HUMAN,XP_008110499.1,69.281,153,41,2,205,356,4,151,1.73e-62,209,76.47
sp|P50219|MNX1_HUMAN,XP_026176040.1,42.899,345,105,12,1,343,1,255,1.84e-62,214,52.17
sp|P50219|MNX1_HUMAN,XP_033003616.1,44.000,325,88,10,1,322,6,239,2.31e-62,212,52.62
sp|P50219|MNX1_HUMAN,XP_026060763.1,43.614,321,85,11,1,316,1,230,3.10e-62,213,52.96
sp|P50219|MNX1_HUMAN,XP_018539231.1,43.731,327,88,11,1,320,1,238,4.96e-62,213,53.52
sp|P50219|MNX1_HUMAN,XP_041937602.1,42.547,322,94,10,1,317,1,236,7.61e-62,212,53.42
sp|P50219|MNX1_HUMAN,XP_023120466.1,44.037,327,87,12,1,320,1,238,1.04e-61,212,52.91
sp|P50219|MNX1_HUMAN,XP_016326052.1,43.529,340,81,12,1,331,1,238,1.24e-61,211,51.47
sp|P50219|MNX1_HUMAN,XP_029936097.1,43.598,328,89,11,1,321,1,239,1.33e-61,211,53.35
sp|P50219|MNX1_HUMAN,XP_016323338.1,42.899,338,89,13,1,331,1,241,1.43e-61,211,52.66
sp|P50219|MNX1_HUMAN,XP_016421970.1,42.899,338,89,13,1,331,1,241,1.44e-61,211,52.66
sp|P50219|MNX1_HUMAN,XP_029460745.1,44.172,326,78,12,1,322,1,226,1.65e-61,209,52.15
sp|P50219|MNX1_HUMAN,XP_029442143.1,44.172,326,78,12,1,322,1,226,1.92e-61,209,52.15
sp|P50219|MNX1_HUMAN,XP_014836988.1,44.444,324,84,12,1,317,1,235,2.79e-61,211,54.01
sp|P50219|MNX1_HUMAN,XP_007560182.1,44.444,324,84,12,1,317,1,235,2.79e-61,211,54.01
sp|P50219|MNX1_HUMAN,XP_022624042.1,43.385,325,91,10,1,320,1,237,2.89e-61,211,52.92
sp|P50219|MNX1_HUMAN,XP_029986755.1,43.072,332,95,11,1,328,1,242,3.05e-61,210,52.71
sp|P50219|MNX1_HUMAN,XP_023270366.1,43.385,325,91,10,1,320,1,237,3.23e-61,210,52.92
sp|P50219|MNX1_HUMAN,XP_040896163.1,43.544,333,92,12,1,326,1,244,3.39e-61,210,52.25
sp|P50219|MNX1_HUMAN,XP_043999794.1,44.099,322,88,11,1,317,1,235,4.06e-61,211,53.11
sp|P50219|MNX1_HUMAN,XP_008402686.1,44.444,324,84,12,1,317,1,235,4.06e-61,210,53.70
sp|P50219|MNX1_HUMAN,XP_041120758.1,44.136,324,96,8,1,322,2,242,4.29e-61,209,54.63
sp|P50219|MNX1_HUMAN,XP_030066505.1,58.500,200,61,8,139,332,62,245,4.56e-61,209,69.00
sp|P50219|MNX1_HUMAN,XP_028999652.1,42.687,335,92,12,1,326,1,244,6.38e-61,209,52.24
sp|P50219|MNX1_HUMAN,XP_029951697.1,43.713,334,91,13,1,327,1,244,6.54e-61,209,52.99
sp|P50219|MNX1_HUMAN,XP_014903044.1,44.444,324,84,12,1,317,1,235,6.86e-61,210,53.40
sp|P50219|MNX1_HUMAN,XP_035485289.1,44.343,327,86,12,1,320,1,238,7.22e-61,209,53.21
sp|P50219|MNX1_HUMAN,XP_035985852.1,44.000,325,90,11,1,320,1,238,7.99e-61,209,52.92
sp|P50219|MNX1_HUMAN,XP_015226735.1,42.900,331,97,10,1,326,1,244,8.81e-61,209,51.66
sp|P50219|MNX1_HUMAN,XP_012729838.2,44.000,325,90,11,1,320,1,238,8.88e-61,209,52.92
sp|P50219|MNX1_HUMAN,XP_042277827.1,41.477,352,100,12,1,343,1,255,1.49e-60,209,50.85
sp|P50219|MNX1_HUMAN,XP_013858438.1,46.032,315,70,14,1,311,1,219,1.55e-60,205,54.60
sp|P50219|MNX1_HUMAN,XP_008290782.1,43.243,333,93,12,1,326,1,244,1.81e-60,208,51.95
sp|P50219|MNX1_HUMAN,XP_034536336.1,42.284,324,87,10,1,317,1,231,2.07e-60,208,53.09
sp|P50219|MNX1_HUMAN,XP_028258076.1,41.360,353,114,12,1,350,1,263,2.21e-60,208,51.27
sp|P50219|MNX1_HUMAN,XP_039351005.1,46.012,326,84,11,1,322,128,365,2.72e-60,211,53.37
sp|P50219|MNX1_HUMAN,XP_043096637.1,42.197,346,88,14,1,331,1,249,3.00e-60,207,51.45
sp|P50219|MNX1_HUMAN,XP_030582172.1,41.818,330,100,10,1,327,1,241,3.69e-60,207,51.52
sp|P50219|MNX1_HUMAN,XP_041846838.1,41.176,357,108,13,1,350,1,262,3.70e-60,208,49.86
sp|P50219|MNX1_HUMAN,XP_042623962.1,41.716,338,93,12,1,331,1,241,4.02e-60,207,51.48
sp|P50219|MNX1_HUMAN,XP_033858875.1,43.519,324,98,8,1,322,2,242,4.32e-60,206,54.01
sp|P50219|MNX1_HUMAN,XP_039987236.1,43.987,316,85,10,1,313,1,227,4.56e-60,207,53.16
sp|P50219|MNX1_HUMAN,XP_026233442.1,43.114,334,94,12,1,327,1,245,5.03e-60,207,52.10
sp|P50219|MNX1_HUMAN,XP_043885650.1,41.714,350,104,12,1,343,1,257,5.47e-60,207,51.71
sp|P50219|MNX1_HUMAN,XP_029354651.1,43.119,327,90,11,1,320,1,238,6.00e-60,207,52.29
sp|P50219|MNX1_HUMAN,XP_036950125.1,41.692,331,96,10,1,328,1,237,6.65e-60,207,51.66
sp|P50219|MNX1_HUMAN,XP_035015042.1,42.388,335,95,12,1,327,1,245,7.26e-60,207,52.24
sp|P50219|MNX1_HUMAN,XP_034434571.1,42.388,335,95,12,1,327,1,245,7.47e-60,207,52.24
sp|P50219|MNX1_HUMAN,XP_027869727.1,43.519,324,87,11,1,317,1,235,8.87e-60,207,53.09
sp|P50219|MNX1_HUMAN,XP_029354647.1,43.119,327,90,11,1,320,1,238,9.01e-60,207,52.29
sp|P50219|MNX1_HUMAN,XP_033800642.1,42.560,336,90,13,1,332,5,241,9.96e-60,205,51.79
sp|P50219|MNX1_HUMAN,XP_039550035.1,42.857,343,86,14,1,331,1,245,1.04e-59,206,51.02
sp|P50219|MNX1_HUMAN,XP_020493533.1,43.827,324,84,11,1,319,2,232,1.09e-59,206,51.54
sp|P50219|MNX1_HUMAN,XP_003969703.1,42.105,342,90,12,1,332,1,244,1.22e-59,206,50.58
sp|P50219|MNX1_HUMAN,XP_042573542.1,40.988,344,95,12,1,331,1,249,1.37e-59,206,50.58
sp|P50219|MNX1_HUMAN,XP_030269663.1,41.390,331,97,10,1,328,1,237,1.37e-59,206,51.36
sp|P50219|MNX1_HUMAN,XP_038139121.1,42.598,331,98,10,1,326,1,244,1.46e-59,206,51.36
sp|P50219|MNX1_HUMAN,NP_001315287.1,41.449,345,94,13,1,330,1,252,1.64e-59,206,51.30
sp|P50219|MNX1_HUMAN,XP_004067139.1,42.991,321,87,10,1,316,1,230,2.09e-59,206,52.96
sp|P50219|MNX1_HUMAN,XP_020464027.1,42.216,334,97,11,1,327,1,245,2.69e-59,205,51.20
sp|P50219|MNX1_HUMAN,XP_032647529.1,44.510,337,93,12,1,332,1,248,2.82e-59,204,52.23
sp|P50219|MNX1_HUMAN,XP_034983159.1,43.034,323,94,8,1,322,6,239,2.84e-59,204,51.39
sp|P50219|MNX1_HUMAN,XP_026060762.1,42.249,329,86,12,1,316,1,238,3.18e-59,205,51.67
sp|P50219|MNX1_HUMAN,XP_008402687.1,44.136,324,84,13,1,317,1,234,3.63e-59,205,53.40
sp|P50219|MNX1_HUMAN,XP_026176039.1,41.408,355,106,13,1,343,1,265,3.67e-59,205,50.70
sp|P50219|MNX1_HUMAN,XP_041650482.1,42.284,324,89,10,1,319,1,231,3.75e-59,205,52.16
sp|P50219|MNX1_HUMAN,XP_035508142.1,41.994,331,94,10,1,327,1,237,4.69e-59,204,51.36
sp|P50219|MNX1_HUMAN,XP_043885651.1,42.571,350,100,14,1,343,1,256,4.71e-59,205,52.00
sp|P50219|MNX1_HUMAN,XP_043999813.1,44.099,322,87,12,1,317,1,234,4.94e-59,205,52.80
sp|P50219|MNX1_HUMAN,XP_038557656.1,43.210,324,84,13,1,319,1,229,5.26e-59,204,52.78
sp|P50219|MNX1_HUMAN,XP_020647648.1,42.857,329,88,11,1,322,5,240,5.62e-59,203,51.67
sp|P50219|MNX1_HUMAN,XP_019742239.1,42.424,330,103,10,1,328,1,245,6.60e-59,204,52.42
sp|P50219|MNX1_HUMAN,XP_015226737.1,42.598,331,97,11,1,326,1,243,7.00e-59,204,51.36
sp|P50219|MNX1_HUMAN,XP_028597724.1,43.077,325,91,10,1,322,6,239,7.59e-59,203,52.00
sp|P50219|MNX1_HUMAN,XP_041798522.1,42.042,333,92,12,1,326,1,239,8.24e-59,204,51.65
sp|P50219|MNX1_HUMAN,XP_034018165.1,42.017,357,103,13,1,350,1,260,1.00e-58,204,50.14
sp|P50219|MNX1_HUMAN,XP_006780457.1,42.073,328,102,10,1,327,1,241,1.05e-58,204,52.13
sp|P50219|MNX1_HUMAN,XP_032415828.1,43.789,322,89,11,1,317,1,235,1.07e-58,204,52.17
sp|P50219|MNX1_HUMAN,XP_031584813.1,42.342,333,96,12,1,326,1,244,1.14e-58,204,51.65
sp|P50219|MNX1_HUMAN,XP_034536337.1,42.284,324,86,11,1,317,1,230,1.22e-58,204,52.78
sp|P50219|MNX1_HUMAN,XP_032359241.1,42.378,328,87,11,1,321,1,233,1.24e-58,203,52.13
sp|P50219|MNX1_HUMAN,XP_014324513.1,43.827,324,86,12,1,317,1,235,1.27e-58,204,52.47
sp|P50219|MNX1_HUMAN,XP_005724408.1,42.073,328,102,11,1,327,1,241,1.55e-58,203,52.44
sp|P50219|MNX1_HUMAN,XP_033475154.1,40.616,357,104,12,1,350,1,256,1.89e-58,203,50.42
sp|P50219|MNX1_HUMAN,XP_034384490.1,42.515,334,89,12,1,327,1,238,2.24e-58,202,51.20


