,HGVS Consequence,cons_score,isPathogenic,Allele_frequency
20,p.Thr30Pro,0.872,True,2.2463160416916257e-05
21,p.Cys29Trp,0.686,True,0.0002484366668282515
23,p.Ser28Ala,0.7,True,3.185930929017459e-05
25,p.Thr27Ile,0.908,True,7.477977356684564e-06
28,p.Thr23Ile,0.366,False,1.4964459408903853e-05
29,p.Thr23Ala,0.366,False,1.4966923099949112e-05
30,p.Gly19Val,0.468,False,2.2546897546897547e-05
71,p.Pro400Ser,0.572,False,8.601262665359275e-06
72,p.Ala399Val,0.47,False,8.474719910506958e-06
74,p.Pro398Leu,0.678,False,0.00025353764241684755
75,p.Gln397His,0.046,False,7.757831530930474e-06
76,p.His396Tyr,0.374,False,7.126771002594145e-06
77,p.Ser395Gly,0.378,False,1.3826860058349349e-05
78,p.Arg393Gly,0.646,False,3.240230704426155e-05
81,p.Pro392Gln,0.258,False,5.756610507733047e-05
82,p.Pro392Leu,0.258,False,1.0682619378271552e-05
83,p.Pro392Ser,0.258,False,6.324870656395077e-06
85,p.Pro391Thr,0.276,False,3.103405470269376e-05
86,p.Pro391Ser,0.276,False,0.00013448090371167293
87,p.Pro390Arg,0.604,False,6.006294596737381e-06
88,p.Pro390Leu,0.604,False,1.5196952504457772e-05
89,p.Ser389Leu,0.466,False,6.382731809214344e-05
91,p.Asp388Tyr,0.368,False,1.4092578847978654e-05
92,p.Asp387Glu,0.538,False,5.401843108868746e-06
94,p.Ser385Leu,0.592,False,4.942127684810865e-06
95,p.Ser385Pro,0.592,False,4.900951764832731e-06
96,p.Ser384Phe,0.794,True,4.856396359645289e-06
97,p.Ser384Tyr,0.794,True,1.4569189078935867e-05
99,p.Ser380Phe,0.818,True,4.568796944388604e-06
100,p.Ser380Ala,0.818,True,4.55800979060503e-06
101,p.Ser380Pro,0.818,True,4.55800979060503e-06
104,p.Ala379Val,0.312,False,2.723014922121773e-05
106,p.Val376Ile,0.424,False,4.412322734934124e-06
107,p.Val376Leu,0.424,False,4.412322734934124e-06
108,p.Ala374Val,0.242,False,4.347372448092373e-06
109,p.Gly373Asp,0.302,False,4.315702251070294e-06
110,p.Gly373Arg,0.302,False,4.300742308122382e-06
112,p.Ser371Arg,0.292,False,4.232947570711389e-06
116,p.His367Asn,0.246,False,3.194479938665985e-05
118,p.Asp366His,0.286,False,3.196113525952442e-05
121,p.Asp364Glu,0.338,False,1.2549675800041832e-05
122,p.Asp364Tyr,0.338,False,4.185571497932328e-06
123,p.Glu362Lys,0.384,False,9.57915575707261e-05
124,p.Asp361Asn,0.458,False,2.904829486509142e-05
125,p.Glu360Lys,0.7,True,2.2016086420477895e-05
127,p.Glu358Lys,0.478,False,1.6530018513620737e-05
128,p.Glu357Asp,0.514,False,4.13264125367805e-06
130,p.Pro356Ser,0.42,False,7.673755755316817e-05
131,p.Asp355Asn,0.326,False,4.125548697976831e-06
132,p.Asp353Glu,0.786,True,1.6501786318368965e-05
133,p.Asp353Asn,0.786,True,4.1221814584278e-06
134,p.Arg352Thr,0.636,False,4.1198378431824925e-06
135,p.Arg352Lys,0.636,False,4.1198378431824925e-06
139,p.Arg346Cys,0.074,False,4.131241272752812e-06
140,p.Gly343Asp,0.358,False,4.130251614928381e-06
144,p.Pro339Leu,0.37,False,4.160806863667002e-06
145,p.Pro339Ala,0.37,False,4.159906818087275e-06
146,p.Pro336Leu,0.352,False,2.085905950672496e-05
147,p.Pro336Gln,0.352,False,6.381620931716656e-05
151,p.Leu333Pro,0.28,False,8.350521490067054e-06
155,p.Ala330Val,0.62,False,4.202916824276047e-06
156,p.Ala330Thr,0.62,False,1.4885604132243708e-05
157,p.Gly329Arg,0.374,False,1.2611400706238439e-05
159,p.Pro328Arg,0.764,True,8.403643819960336e-06
161,p.Glu327Asp,0.476,False,1.6797124332314306e-05
162,p.Glu327Val,0.476,False,4.196884233145313e-06
164,p.Glu327Lys,0.476,False,4.196355884549857e-06
167,p.Ala325Ser,0.174,False,4.199986560043008e-06
170,p.Gly324Cys,0.3,False,4.202316316753795e-06
171,p.Gly321Val,0.376,False,4.183330265557805e-06
172,p.Gly321Glu,0.376,False,8.36666053111561e-06
173,p.Gly321Trp,0.376,False,8.362043014349267e-06
175,p.Ala320Val,0.28,False,4.182560396172121e-06
176,p.Gly319Asp,0.804,True,1.66673611400475e-05
178,p.Gly316Ser,0.362,False,8.235061598260755e-06
180,p.Lys314Glu,0.724,True,8.183105161084425e-06
182,p.Glu311Gly,0.908,True,4.078170369645363e-06
183,p.Glu311Gln,0.908,True,4.076009423733788e-06
184,p.Glu309Gly,0.748,True,4.066561478276429e-06
185,p.Glu309Ala,0.748,True,4.066561478276429e-06
187,p.Ala302Val,0.99,True,4.046486031530219e-06
188,p.Lys300Arg,0.774,True,4.043181174948449e-06
189,p.Ser299Cys,0.992,True,0.00014148845858430692
190,p.Glu25Lys,0.484,False,8.10642109615026e-06
234,p.Thr283Ile,0.994,True,4.116208807040364e-06
235,p.Thr283Asn,0.994,True,4.116208807040364e-06
236,p.Thr281Asn,0.994,True,4.108429676009236e-06
237,p.Met279Arg,0.994,True,4.1035405347734025e-06
240,p.Tyr265Phe,0.996,True,8.251982538804948e-06
243,p.Asn263Lys,0.998,True,4.1382506786731115e-06
244,p.Asn263His,0.998,True,4.143085604434759e-06
249,p.Pro244Ala,1.0,True,7.729229627683008e-06
250,p.Arg243Gln,0.998,True,4.40660638429133e-06
252,p.Leu238Arg,0.902,True,7.911267226784386e-06
253,p.Asn236Lys,0.704,True,4.598631447281289e-06
255,p.Ala233Val,0.73,True,4.806352074902191e-06
257,p.Ser231Tyr,0.78,True,3.192440301366364e-05
367,p.Gly19Arg,0.468,False,6.934524222293108e-06
368,p.Gln18Glu,0.756,True,6.933562603136744e-06
374,p.Cys10Trp,0.914,True,1.7084282460136675e-05
375,p.Cys10Arg,0.914,True,6.932697373894235e-06
420,p.Asn230Ser,0.688,True,2.576522724930434e-05
421,p.Asn230Asp,0.688,True,4.291219307053906e-06
424,p.Asp228Asn,0.96,True,8.578462911015604e-06
426,p.Pro227Leu,0.754,True,8.578830876928093e-06
427,p.Met226Ile,0.784,True,4.285297999622894e-06
428,p.Met226Arg,0.784,True,4.282141756020692e-06
429,p.Met226Val,0.784,True,1.7124167337363222e-05
430,p.Lys225Asn,0.76,True,8.562963470397836e-06
431,p.Lys225Glu,0.76,True,4.28192172647084e-06
434,p.Met221Ile,0.774,True,4.28970984402615e-06
436,p.Gly220Asp,0.966,True,4.2980065845460876e-06
437,p.Thr218Ser,0.758,True,4.305519676224921e-06
438,p.Ser217Cys,0.758,True,4.305111889858017e-06
440,p.Arg215Pro,0.978,True,4.304815366468932e-06
441,p.Arg215Gly,0.978,True,4.310753605945392e-06
444,p.Gln209His,0.746,True,4.314101070759886e-06
446,p.Thr207Ile,0.706,True,4.336062161787151e-06
447,p.Ala205Pro,0.954,True,8.736218615134625e-06
448,p.Ala205Ser,0.954,True,1.747243723026925e-05
450,p.Leu203Pro,0.724,True,3.198976327575176e-05
451,p.Leu203Gln,0.724,True,4.3802782352735046e-06
452,p.Lys202Arg,0.76,True,6.400819304871024e-05
453,p.Asp199Glu,0.72,True,1.3415975743915856e-05
455,p.Ala198Val,0.594,False,2.8398602788742794e-05
457,p.Pro197Leu,0.534,False,4.729160952263849e-06
459,p.Pro194Ser,0.636,False,4.763719512195122e-06
461,p.His193Gln,0.738,True,1.9157455123661373e-05
463,p.Ala192Thr,0.42,False,5.029675082989639e-06
466,p.Pro187Leu,0.596,False,5.745409417875118e-06
467,p.Tyr186Cys,0.746,True,5.955216769890424e-06
468,p.Ala181Thr,0.942,True,3.779975203362666e-05
470,p.Gly177Ser,0.754,True,2.5390591939333412e-05
477,p.Ala173Pro,0.562,False,4.274600324869625e-05
478,p.Ala173Thr,0.562,False,1.0686500812174062e-05
479,p.Ala171Thr,0.318,False,9.161704076958313e-06
481,p.Ala168Pro,0.25,False,9.325574455386452e-06
483,p.Tyr166His,0.736,True,0.00023295418032260137
486,p.Tyr164Cys,0.934,True,1.1401988506795585e-05
487,p.Pro162Ala,0.944,True,1.2567550584391101e-05
492,p.Pro153Arg,0.858,True,3.7855844942459115e-05
494,p.Gly149Ser,0.404,False,7.934618741569468e-05
495,p.Gly148Ser,0.458,False,3.988194942968812e-05
496,p.Gln147Leu,0.212,False,5.9269796111901376e-05
497,p.Gln147Arg,0.212,False,0.00011853959222380275
498,p.Ala146Gly,0.332,False,4.045307443365696e-05
499,p.Gly144Arg,0.354,False,4.0960104857868435e-05
500,p.His142Arg,0.834,True,4.177807486631016e-05
501,p.Gly136Asp,0.3,False,0.0003275109170305677
512,p.Ala124Val,0.148,False,8.678295582747549e-05
513,p.Gly120Val,0.124,False,4.508566275924256e-05
515,p.Pro119Ser,0.066,False,4.49842555105713e-05
516,p.His118Tyr,0.09,False,4.3584379358437934e-05
519,p.Gly111Arg,0.098,False,4.317416457991538e-05
530,p.Arg82Ser,0.822,True,4.10475330432641e-05
533,p.Ala70Thr,0.454,False,4.068348250610252e-05
534,p.Pro69Leu,0.492,False,8.105041335710812e-05
535,p.Pro69Ser,0.492,False,4.048255202007934e-05
542,p.Gly49Arg,0.346,False,3.7399955120053854e-05
544,p.Gly43Asp,0.36,False,2.7756189630287553e-05
548,p.Ala35Thr,0.17,False,3.390290208841877e-05
549,p.Ser33Leu,0.66,False,9.659222625763078e-06
550,p.Thr32Lys,0.644,False,9.0049527239982e-06
551,p.Leu30Ser,0.872,True,2.2806404038253943e-05
552,p.Ala29Val,0.686,True,7.156966591279952e-06
554,p.Gln24Glu,0.68,False,1.1060601033060136e-05
555,p.Ala23Val,0.366,False,4.929454035579704e-05
557,p.Asp16Glu,0.708,True,1.3108221476510067e-05
558,p.Asp16Asn,0.708,True,5.036971369854733e-06
559,p.Val15Leu,0.672,False,4.956383822363204e-06
560,p.Val15Met,0.672,False,4.956383822363204e-06
562,p.Ala14Glu,0.918,True,3.2558442404115385e-05
564,p.Lys3Asn,0.906,True,9.513299592830777e-06
